fund_uses,inquiry_id,user_id,organization_id,id,meta_status,created_at,updated_at,no_other_use_of_funds,equity_injection,business_purchase_price,is_providing_collateral,is_interested_in_refinancing_existing_debt,type_of_acquisition,reason_for_acquisition
"[{""id"": ""d017b408-cbd2-4c87-a84b-117d70368614"", ""name"": ""Research and Development"", ""amount"": 1960083}, {""id"": ""b95ff501-af26-480e-81e5-0a3d9f9ded40"", ""name"": ""Office Expansion"", ""amount"": 2869548}, {""id"": ""3f657c40-28da-4c60-984e-39c94da72ee0"", ""name"": ""Marketing"", ""amount"": 6704724}, {""id"": ""f83c62aa-1d23-4e11-a302-e8ef75356cb8"", ""name"": ""Inventory"", ""amount"": 1133436}, {""id"": ""86b5d8d7-1dd1-4b76-b33e-79e792b8a287"", ""name"": ""Working Capital"", ""amount"": 1607062}, {""id"": ""07abf701-66c2-4751-b126-7dfb58186761"", ""name"": ""Equipment Purchase"", ""amount"": 10600260}, {""id"": ""f3d0b656-0e23-4d17-b84b-1b66549136d3"", ""name"": ""Staff Hiring"", ""amount"": 41447810}]","4c534a15-b817-43d6-bc8c-38bf8a22c530","towkl9vocs1dleat51fzg","d81dc152-c9d3-048b-1572-1f0c4594bf92","1d1a9337-77ec-4b4a-9c1c-dda92fcf7d80","t","2025-08-31 23:25:34.522+00",,"f","15072901",,"f","f",,
"[{""id"": ""a106a699-72b8-4ccd-a36a-631e3bd822c6"", ""name"": ""Research and Development"", ""amount"": 1181538}, {""id"": ""26401168-9cd4-4bb1-bc57-c0bd14e09397"", ""name"": ""Office Expansion"", ""amount"": 3015399}, {""id"": ""299776e3-cfb5-4479-b6bc-cfea75477d5a"", ""name"": ""Marketing"", ""amount"": 32087444}]","9db9ac13-2075-44b7-b0db-376a3c43a5f2","2ia6nio2nmkzd6z2ccpzy","d81dc152-c9d3-048b-1572-1f0c4594bf92","399205ed-c8c6-4d3f-a922-a6e765005677","t","2025-08-28 14:45:09.201+00",,"f","4598676","5759660","f","f","notSure","Uter coerceo adopto magni cornu templum corrigo color tenetur tricesimus."
"[{""id"": ""cffae8a9-c88a-4312-9f51-6913d3ea80f4"", ""name"": ""Research and Development"", ""amount"": 2218360}, {""id"": ""105ff5c5-38a9-4008-90e5-3413d150ad0e"", ""name"": ""Inventory"", ""amount"": 2258527}, {""id"": ""12c6bb3b-ca39-4310-a3b5-45931afe93ed"", ""name"": ""Technology Upgrade"", ""amount"": 850818}, {""id"": ""c5d8ed57-d3c0-48a4-b6ad-54c62675a2c2"", ""name"": ""Office Expansion"", ""amount"": 4951559}, {""id"": ""abe09b55-11e3-4f0c-a79a-35d356996fc8"", ""name"": ""Staff Hiring"", ""amount"": 67460724}]","b795682e-d22f-4f81-ae08-d465d2b3e647","vcjer8l1shrc4n0myngix","d81dc152-c9d3-048b-1572-1f0c4594bf92","ed97366b-c412-4d0e-a95c-2d279f0ca795","t","2025-09-02 10:33:52.733+00",,"f","13469521",,"f","t",,
"[{""id"": ""38772f25-4bad-4c29-91c2-18c300cc017a"", ""name"": ""Working Capital"", ""amount"": 539409}, {""id"": ""6d509d56-a7cb-4974-bf1d-e06139fb4f68"", ""name"": ""Research and Development"", ""amount"": 524381}, {""id"": ""8a1464f9-0c49-4982-bbc5-de55abccb3cc"", ""name"": ""Equipment Purchase"", ""amount"": 1304627}, {""id"": ""848bcd3f-cf7b-4288-b3f3-1ed0ac9facfe"", ""name"": ""Staff Hiring"", ""amount"": 1236943}, {""id"": ""266242fc-401b-4694-84d3-af7aa8e2a035"", ""name"": ""Marketing"", ""amount"": 1037782}, {""id"": ""788f3962-c937-4767-9a0e-3a0cc6d8fbea"", ""name"": ""Inventory"", ""amount"": 631210}, {""id"": ""88a9b234-7f65-477f-a56c-f566d144c26c"", ""name"": ""Office Expansion"", ""amount"": 6462865}]","6d31141e-a3ef-4067-a672-535d8d32466d","8c303314xvnwguwmnbf3p","d81dc152-c9d3-048b-1572-1f0c4594bf92","92bc0802-15f9-4e5a-b4a7-0befdd4c11b8","t","2025-08-31 06:04:20.614+00",,"f","2449088","3170747","f","t","notSure","Dolore vitiosus temperantia ars talus aqua pecto crapula."
"[{""id"": ""0ee2b7a0-6c77-492a-8fbd-984c3baa1927"", ""name"": ""Marketing"", ""amount"": 813855}, {""id"": ""cf7bcc7d-dc47-4db0-a517-2eb41a15e435"", ""name"": ""Office Expansion"", ""amount"": 500000}, {""id"": ""88c4cbb5-99e1-4e7f-a01f-31cd3286ca79"", ""name"": ""Technology Upgrade"", ""amount"": 4173743}]","ee406cbf-a250-4b75-85af-2e684fb8409a","sufpjdsgo7pphbcban7sh","d81dc152-c9d3-048b-1572-1f0c4594bf92","0c5fa21c-ea1f-46cf-9b92-f5c9f7bfc14d","t","2025-09-04 21:25:09.686+00",,"f","1118094",,"f","f",,
"[{""id"": ""c960bf6b-f3b1-4c26-851d-e0509d0c5004"", ""name"": ""Working Capital"", ""amount"": 943387}, {""id"": ""649f3b3d-4645-4c41-a916-3cde1c84654a"", ""name"": ""Research and Development"", ""amount"": 1335149}, {""id"": ""00fe1c84-accd-4471-8768-0fe08cf6a8f7"", ""name"": ""Equipment Purchase"", ""amount"": 7848622}, {""id"": ""ebb3d824-c5b3-41dd-af7e-3c8b3ed8989f"", ""name"": ""Office Expansion"", ""amount"": 23982265}]","06ce7d90-bb7e-498f-baf6-b6114984b6a4","fx9whmtj44cp2hhhkvjw3","d81dc152-c9d3-048b-1572-1f0c4594bf92","93fb5630-ba7d-403c-ad05-f7f1bef3cecb","t","2025-08-22 22:29:51.664+00",,"f","8604774",,"t","t",,
"[{""id"": ""c8693009-d85b-49dc-9f8b-96da766bac3a"", ""name"": ""Research and Development"", ""amount"": 706109}, {""id"": ""7d6e6319-de99-4555-b5a6-be5b4a4ca124"", ""name"": ""Staff Hiring"", ""amount"": 13957536}, {""id"": ""19809e5d-ee1c-483b-bf65-8abf40b6b8b3"", ""name"": ""Working Capital"", ""amount"": 1850061}, {""id"": ""19fb075d-31dd-4f83-80c9-a6944853a314"", ""name"": ""Equipment Purchase"", ""amount"": 5365534}, {""id"": ""46265126-36e3-4729-a319-ff8094349f13"", ""name"": ""Marketing"", ""amount"": 3640031}, {""id"": ""56d6f969-d50e-47a2-a90c-11ea5551491c"", ""name"": ""Office Expansion"", ""amount"": 45700265}]","8259c7ac-cc7d-42a0-b5ed-c3170439775d","xkpopv6sqnf5y8cpj7stz","d81dc152-c9d3-048b-1572-1f0c4594bf92","47f0e72e-ac86-4709-981c-e20a1cd1a6f7","t","2025-09-11 18:31:30.045+00",,"f","19588928",,"t","t",,
"[{""id"": ""16e5ef4f-b155-422c-ba28-539706cc1edc"", ""name"": ""Staff Hiring"", ""amount"": 3961311}, {""id"": ""1be3d4b2-31cc-4a4f-a6b2-49b5bcccf2c8"", ""name"": ""Research and Development"", ""amount"": 1237895}, {""id"": ""66afb72f-113a-4634-9705-2b97fd835310"", ""name"": ""Working Capital"", ""amount"": 1158492}, {""id"": ""3aa83e34-e2f5-4098-91ef-f07e63d5a89f"", ""name"": ""Equipment Purchase"", ""amount"": 2331956}, {""id"": ""340f6e8b-5ca4-4c6f-af5b-6068e2c45bc7"", ""name"": ""Inventory"", ""amount"": 21498065}]","99748d53-44b4-46fb-a121-d1c222bd5a9e","0w3pf7elayi5hfoz08dx7","d81dc152-c9d3-048b-1572-1f0c4594bf92","3391be73-ddfc-417a-950c-4b6934faddb9","t","2025-08-12 21:53:15.816+00",,"f","3255191",,"f","f",,
"[{""id"": ""74cadce9-ee1d-46f9-8903-bc2f112befab"", ""name"": ""Research and Development"", ""amount"": 500000}, {""id"": ""93799708-4311-4b35-af81-0a55f4d6339a"", ""name"": ""Technology Upgrade"", ""amount"": 500000}, {""id"": ""92ebaffa-4eb1-4b90-be5f-817d30eed290"", ""name"": ""Marketing"", ""amount"": 500000}, {""id"": ""c72f2bb1-9315-4b2c-a02c-7ba561df629a"", ""name"": ""Equipment Purchase"", ""amount"": 500000}, {""id"": ""33cfc311-42f4-4a0f-8b37-e46f41def174"", ""name"": ""Inventory"", ""amount"": -711130}]","2c084d96-eeba-404e-bdbd-0dc7aeaaaf5a","1uss525k9bb7zyxjzxe9a","d81dc152-c9d3-048b-1572-1f0c4594bf92","cfa008a0-71c1-49d4-8bb5-7aa2800366e5","t","2025-08-14 02:13:59.986+00",,"f","187469",,"t","t",,
"[{""id"": ""4281eb1b-6fd8-49a3-869a-e61476063557"", ""name"": ""Office Expansion"", ""amount"": 3598109}, {""id"": ""dc2e817f-3315-44ea-b87c-41a475bcdb5e"", ""name"": ""Marketing"", ""amount"": 1453229}, {""id"": ""b0bd1ddd-abb9-4a44-b2d2-d8dba6626d32"", ""name"": ""Inventory"", ""amount"": 30980352}]","f4a1ddb1-29c2-4d19-8f5f-628a4e0b56ed","43850dwttwwd6oj3pzyrf","d81dc152-c9d3-048b-1572-1f0c4594bf92","905e3143-43cb-4d43-81a0-096d6e1e0808","t","2025-08-19 12:04:41.548+00",,"f","6607387",,"f","f",,
"[{""id"": ""2cdc0120-e085-45ba-984e-ed3f598ea9b4"", ""name"": ""Working Capital"", ""amount"": 500000}, {""id"": ""a761ca86-fecf-4320-8f0b-d38a19edcc62"", ""name"": ""Equipment Purchase"", ""amount"": 600126}, {""id"": ""c7bc43c7-efa9-46c3-88b0-f2e27d07c471"", ""name"": ""Research and Development"", ""amount"": 500000}, {""id"": ""ae208f44-07c5-45a6-9b81-064f8ef82bfd"", ""name"": ""Inventory"", ""amount"": 7670931}]","7e8f3a55-913b-4e54-a555-f8e63e469e69","z0rtfuin28sy2gstz7a9b","d81dc152-c9d3-048b-1572-1f0c4594bf92","7284d643-e5b2-4152-aec7-b53319bd78e3","t","2025-09-03 20:01:18.677+00",,"f","1948271",,"t","t",,
"[{""id"": ""e76f0ca4-5494-4a75-9bd6-c44926bf7145"", ""name"": ""Inventory"", ""amount"": 7912589}, {""id"": ""2515399a-3c25-4ca9-9111-1a2dd56d26ca"", ""name"": ""Marketing"", ""amount"": 7316504}, {""id"": ""a8ff9eec-f111-4d57-8079-596def8b4b2a"", ""name"": ""Working Capital"", ""amount"": 48220488}]","a69b79e0-0b2a-463c-a8b0-117076b7a62c","x5wpp4iym40tudkqntwu4","d81dc152-c9d3-048b-1572-1f0c4594bf92","90762130-3821-451b-bd31-52e0b4779d82","t","2025-08-17 12:24:27.377+00",,"f","9177694",,"f","f",,
"[{""id"": ""57f32cc2-82dc-465b-8c57-5714d3a88fa6"", ""name"": ""Office Expansion"", ""amount"": 2322117}, {""id"": ""189a73c1-63fd-43a4-9efb-53855129ec82"", ""name"": ""Working Capital"", ""amount"": 1225961}, {""id"": ""ce62b55d-09ff-47a1-b2d4-3971beb75eb1"", ""name"": ""Technology Upgrade"", ""amount"": 4743512}, {""id"": ""ac1f147f-5a2c-4834-9b95-ae54ed86c5fc"", ""name"": ""Marketing"", ""amount"": 50780969}]","b17ceac5-f985-4e66-ba81-ee9221049156","oattxg2nrx9fqbn6394gp","d81dc152-c9d3-048b-1572-1f0c4594bf92","25b14500-852b-49de-8cb3-fb6a3052fa94","t","2025-08-25 19:34:03.477+00",,"f","2981517","4761989","t","f","stockPurchase","Atavus vinculum tego derelinquo."
"[{""id"": ""64732666-46f5-4528-8098-0c60c86f5c71"", ""name"": ""Inventory"", ""amount"": 3673848}, {""id"": ""06b2c7fd-c6b7-4e8a-abe6-e47ca0dc0be4"", ""name"": ""Equipment Purchase"", ""amount"": 39241056}]","1ca1b2be-b922-4797-8545-758947a82d2f","dcfebje9ppwf7muik4pbq","d81dc152-c9d3-048b-1572-1f0c4594bf92","4e8ce688-a062-495a-9688-95034a6a9b1f","t","2025-09-05 07:56:52.271+00",,"f","11948151","7833416","t","t","notSure","Perferendis denego tempora usus quibusdam solutio deripio repudiandae."
"[{""id"": ""6abdd275-320e-48e8-8109-4ba61b3e9110"", ""name"": ""Technology Upgrade"", ""amount"": 3300547}, {""id"": ""c00b0bb5-3177-4641-b6fe-642c112ebdfd"", ""name"": ""Marketing"", ""amount"": 2822785}, {""id"": ""929c5a8a-dcbf-418a-9ace-1060e98d9bd0"", ""name"": ""Office Expansion"", ""amount"": 29686227}]","08f4d499-fd01-4ff1-ae03-76e7740aac88","byvzhqcg30z40yicolhmd","d81dc152-c9d3-048b-1572-1f0c4594bf92","ed14ede4-6e39-4d88-9d80-e527496f3ab6","t","2025-08-14 18:49:47.496+00",,"f","4769669",,"f","f",,
"[{""id"": ""3bfd2c95-96b8-4230-b959-c81ebdd95b68"", ""name"": ""Equipment Purchase"", ""amount"": 3376878}, {""id"": ""aa9f43c7-3a0c-4644-897c-d4e68fc3408a"", ""name"": ""Research and Development"", ""amount"": 652742}, {""id"": ""f73e7f8c-2905-459c-9514-fbd69e52ea21"", ""name"": ""Staff Hiring"", ""amount"": 3351880}, {""id"": ""8a6af661-bc69-47bc-9558-9e55ef1af0ad"", ""name"": ""Inventory"", ""amount"": 33671933}]","c0d80702-8269-46be-85e4-29eb3bf72bb3","nx2v7o7yu8097n6v79clm","d81dc152-c9d3-048b-1572-1f0c4594bf92","8ab7bef9-bfcd-4748-8a26-23c91133c6da","t","2025-08-26 08:59:33.232+00",,"f","3384483",,"f","t",,
"[{""id"": ""8bcf59da-1bb1-4fd1-a0ea-8cf3c7d8aa90"", ""name"": ""Staff Hiring"", ""amount"": 8513292}, {""id"": ""b88d3ded-3246-4ab4-822d-39771505e5ed"", ""name"": ""Office Expansion"", ""amount"": 4880946}, {""id"": ""eeaca1c3-ec97-47d7-ba83-2637feeb70eb"", ""name"": ""Technology Upgrade"", ""amount"": 4658873}, {""id"": ""1a2d3614-1370-46dc-ac3e-e65c64aaf3b5"", ""name"": ""Inventory"", ""amount"": 6286859}, {""id"": ""adcbcc74-6e7c-4b12-b675-6c374643f439"", ""name"": ""Research and Development"", ""amount"": 531423}, {""id"": ""f1b07929-11df-4bb4-9e9c-9bea7598e505"", ""name"": ""Marketing"", ""amount"": 63869241}]","f2a2d64b-30d5-4bd2-a30b-ea529bec2975","7g3hsq6ibvavhdmuw13mk","d81dc152-c9d3-048b-1572-1f0c4594bf92","ab704d12-78d7-4188-9747-2fe31112072e","t","2025-08-28 08:08:59.158+00",,"f","9758607",,"t","t",,
"[{""id"": ""3e2298f9-42e7-4b85-9908-1420f8ab47fd"", ""name"": ""Office Expansion"", ""amount"": 2162430}, {""id"": ""602fa340-49b0-439f-9d4a-879932ff405b"", ""name"": ""Marketing"", ""amount"": 2821662}, {""id"": ""53937b31-17bd-451b-b192-4988a3ccd24f"", ""name"": ""Staff Hiring"", ""amount"": 4282313}, {""id"": ""a20df512-f665-47c4-95c5-caa57941e5c1"", ""name"": ""Equipment Purchase"", ""amount"": 4504000}, {""id"": ""c1f78b1c-5f15-4fc3-b85c-1506a0c92a75"", ""name"": ""Technology Upgrade"", ""amount"": 3087797}, {""id"": ""f28cb55f-a5ff-4d1e-8f6a-fd8faa89488a"", ""name"": ""Research and Development"", ""amount"": 51850617}]","6cc33e34-f45a-4924-8a2a-fc12c101d506","w5w09wnvsaba82xpajtp2","d81dc152-c9d3-048b-1572-1f0c4594bf92","c1c9f9a0-8ddc-4a37-a995-6b1e346ca6fa","t","2025-08-15 21:04:20.696+00",,"f","18266515",,"t","t",,
"[{""id"": ""d56f37f4-0f2d-4b32-b6a2-f0435a565a5b"", ""name"": ""Staff Hiring"", ""amount"": 6297778}, {""id"": ""a73a8010-5026-45e2-84a2-9a03b28ae9f4"", ""name"": ""Office Expansion"", ""amount"": 5199276}, {""id"": ""6a75050f-0283-43d8-8c87-dec9195b91a0"", ""name"": ""Technology Upgrade"", ""amount"": 4974835}, {""id"": ""35b002db-3af3-4f5e-bcf2-5f8c6f8de8dc"", ""name"": ""Equipment Purchase"", ""amount"": 6109525}, {""id"": ""aef6bfac-f072-40f6-aec0-e71baec79a05"", ""name"": ""Working Capital"", ""amount"": 42564218}]","8ad60692-4fb5-49f4-a4e4-9591ebef27fe","f5e9mbmbohqo6hgd47ql0","d81dc152-c9d3-048b-1572-1f0c4594bf92","0f42894c-50e5-4879-87eb-b2e97ddb7ebd","t","2025-08-15 03:22:45.333+00",,"f","4367946",,"t","f",,
"[{""id"": ""5de31a20-3e26-441a-8c02-9a6f2f5d854a"", ""name"": ""Technology Upgrade"", ""amount"": 6740689}, {""id"": ""73977d4b-9b2e-4cd0-bc3a-779bc04f7c3a"", ""name"": ""Inventory"", ""amount"": 8834619}, {""id"": ""445706be-778e-4116-bd39-23b78467d862"", ""name"": ""Research and Development"", ""amount"": 2423951}, {""id"": ""e9a13155-cb7c-4aba-bb91-8db95fb630bd"", ""name"": ""Working Capital"", ""amount"": 1669090}, {""id"": ""c4afeb42-6298-4ab2-8897-bef30d45a933"", ""name"": ""Marketing"", ""amount"": 1213044}, {""id"": ""68160e9e-2dff-48af-90f6-96dada20f8cf"", ""name"": ""Equipment Purchase"", ""amount"": 6148419}, {""id"": ""76dd0196-51dd-4348-b885-3830903b70aa"", ""name"": ""Office Expansion"", ""amount"": 42746505}]","c9a7f9e2-894b-498d-a9a0-84e3db553297","2rukbcqnmo9lpbbf6vlr0","d81dc152-c9d3-048b-1572-1f0c4594bf92","6ff84efc-b25f-4f6f-ac3d-b9e2678e96ff","t","2025-09-09 04:55:33.559+00",,"f","17311724",,"t","t",,
"[{""id"": ""7d5ab313-0ee1-4302-80c2-64ce201f9321"", ""name"": ""Working Capital"", ""amount"": 3332059}, {""id"": ""bb228797-3380-4b52-9e0d-61472d2e6896"", ""name"": ""Inventory"", ""amount"": 5252871}, {""id"": ""e7815030-e591-4c01-a090-ab3b79e16f87"", ""name"": ""Equipment Purchase"", ""amount"": 9208726}, {""id"": ""89903b57-f405-4bec-85e1-dc43a85705e4"", ""name"": ""Marketing"", ""amount"": 65860491}]","9be531bd-d089-4b2e-a653-41935d93a288","qabq6z6bwon4e47r836ug","d81dc152-c9d3-048b-1572-1f0c4594bf92","00eefd9e-0d57-46ff-95b3-2746ecbc55c7","t","2025-09-04 15:17:52.388+00",,"f","16209583",,"t","f",,
"[{""id"": ""ef014332-8e71-4eb0-9034-484c9f798033"", ""name"": ""Equipment Purchase"", ""amount"": 6499464}, {""id"": ""19d73d30-cacc-4c9b-a532-865b73289830"", ""name"": ""Staff Hiring"", ""amount"": 64517005}]","8d4618cc-d357-4597-803e-f4a9ea769937","9uycgocipnsf70wd2ic7n","d81dc152-c9d3-048b-1572-1f0c4594bf92","124ffdc6-6126-4063-ab64-3aa7bd2c6bbf","t","2025-08-29 20:59:25.433+00",,"f","19984743",,"t","f",,
"[{""id"": ""3cd3cfa4-1a35-4327-b689-6da40c7ea594"", ""name"": ""Staff Hiring"", ""amount"": 851538}, {""id"": ""44c5cf63-edb8-447e-bf98-6148ba7b7505"", ""name"": ""Office Expansion"", ""amount"": 1912805}, {""id"": ""aacc47e5-eff3-4abe-bbb6-e7f281dce6a3"", ""name"": ""Working Capital"", ""amount"": 1505848}, {""id"": ""1be93f09-6ab0-41f1-a824-552ad0b34e3d"", ""name"": ""Inventory"", ""amount"": 658302}, {""id"": ""89f28623-b846-43f6-a891-dd4e586a8c7d"", ""name"": ""Technology Upgrade"", ""amount"": 30774708}]","777cefe0-e16b-444f-8026-03d662fa0527","czmzf3cazxvbpdesil94f","d81dc152-c9d3-048b-1572-1f0c4594bf92","e04e412e-d22f-432d-aef9-f45c56ab7921","t","2025-08-27 12:18:02.782+00",,"f","5098572",,"t","t",,
"[{""id"": ""ae7c5fa4-5fe3-4aa6-a355-aeee51b3c2f9"", ""name"": ""Research and Development"", ""amount"": 1265419}, {""id"": ""ccb08ed9-00db-4cec-b5e1-feb2997dbb06"", ""name"": ""Inventory"", ""amount"": 5022325}, {""id"": ""85471892-fbfd-4b56-8dfe-ecc35724d428"", ""name"": ""Equipment Purchase"", ""amount"": 4640418}, {""id"": ""9a108a3a-22ed-4004-b5e1-2c55ca38fa9e"", ""name"": ""Working Capital"", ""amount"": 30164921}]","7b649935-531a-4d60-84e7-90fe5dcdd7e2","01p3jzv34ctxwudn1dmgj","d81dc152-c9d3-048b-1572-1f0c4594bf92","0ce56a8a-dbf9-4263-9910-3578492a1c38","t","2025-08-24 01:01:12.147+00",,"f","11791484",,"t","t",,
"[{""id"": ""3d2dc8f9-c571-4177-88c8-ebdb651cf32e"", ""name"": ""Office Expansion"", ""amount"": 3377535}, {""id"": ""15a5f780-c3e9-4f2d-88f1-f0e6cbb0e506"", ""name"": ""Equipment Purchase"", ""amount"": 6223054}, {""id"": ""5e8a9d44-624b-47ce-939d-da9d80a481ad"", ""name"": ""Inventory"", ""amount"": 7051736}, {""id"": ""84db41f4-7537-4c45-af7c-85bd473c1b63"", ""name"": ""Staff Hiring"", ""amount"": 10502488}, {""id"": ""31232ccf-0a5b-437d-9f20-8548fd772f78"", ""name"": ""Marketing"", ""amount"": 4181600}, {""id"": ""14fd0751-be2d-4fe5-b924-fb04bdca6810"", ""name"": ""Technology Upgrade"", ""amount"": 1565562}, {""id"": ""671d0276-7cc5-4f99-8a5d-313ab9cba0fe"", ""name"": ""Working Capital"", ""amount"": 44340291}]","2dc68a47-0cd7-4df8-ba3a-d6b0a7c9ac6c","sk4yptr74fx9reuw44yl4","d81dc152-c9d3-048b-1572-1f0c4594bf92","b8ed0bbe-6fee-4c06-bff5-0e56f91351c6","t","2025-09-09 07:58:53.455+00",,"f","19715173",,"t","f",,
"[{""id"": ""a95d0fd6-b2d1-4b54-a558-006e5bcaa33e"", ""name"": ""Office Expansion"", ""amount"": 919908}, {""id"": ""57e232ae-d4d6-4c94-8d55-df1c1ace84a0"", ""name"": ""Inventory"", ""amount"": 1671394}, {""id"": ""6d0ff6d9-9940-496f-a5ce-83407db4d973"", ""name"": ""Staff Hiring"", ""amount"": 2313998}, {""id"": ""f5161960-9d4c-4cbe-9dd0-674701a6eb01"", ""name"": ""Research and Development"", ""amount"": 608540}, {""id"": ""b057a034-08e0-437c-9da4-a84ce09e5e8c"", ""name"": ""Working Capital"", ""amount"": 11927148}]","6b086317-229f-422d-9d82-8ce54222d4a5","0ndpmrpixdbv4fyuk6v3h","d81dc152-c9d3-048b-1572-1f0c4594bf92","616176c6-a341-4e53-a7f5-93caa5a8eff1","t","2025-08-24 10:43:10.007+00",,"f","3577095",,"t","f",,
"[{""id"": ""a8e3ef05-ed6e-4145-9dd9-30ada320ea7f"", ""name"": ""Office Expansion"", ""amount"": 5898349}, {""id"": ""a4143264-d6dc-4eb5-92ef-e6afe486bfa1"", ""name"": ""Staff Hiring"", ""amount"": 11742469}, {""id"": ""bb27f026-98a7-45dc-8e41-82f3ceb4e704"", ""name"": ""Marketing"", ""amount"": 52656264}]","e9fcdb4d-aff3-4366-aa78-60e0a101cb38","l4dvk4durpywqbftlvit7","d81dc152-c9d3-048b-1572-1f0c4594bf92","08b90430-a49c-4f9a-9882-5859c95387bf","t","2025-08-31 17:10:30.794+00",,"f","14665885","417441","t","t","notSure","Deorsum vulnero vacuus damnatio vesper nemo vesco cupio alveus."
"[{""id"": ""36059fc8-d6e2-4b1e-b0c5-c7cbcbc5e389"", ""name"": ""Working Capital"", ""amount"": 1455603}, {""id"": ""bc4bc48d-6421-4611-95a8-f07aed50bbc5"", ""name"": ""Technology Upgrade"", ""amount"": 643575}, {""id"": ""4b660685-28d6-49c5-80c9-3c6ebe2775e1"", ""name"": ""Inventory"", ""amount"": 3328842}, {""id"": ""eafbbabe-5140-478f-8e8a-0abfc25948c8"", ""name"": ""Research and Development"", ""amount"": 1800224}, {""id"": ""bfef5000-e069-4f09-9560-4e59b5de1123"", ""name"": ""Marketing"", ""amount"": 1399090}, {""id"": ""e9880fa8-f769-4dbc-b524-fb48ef1b796c"", ""name"": ""Equipment Purchase"", ""amount"": 12513800}, {""id"": ""81a38fae-4285-4de9-9542-aa4c248bb47b"", ""name"": ""Staff Hiring"", ""amount"": 50841773}]","deebd640-b768-4b4e-8ade-420a4461dde7","u7p4bys2r2b6zow6dicv1","d81dc152-c9d3-048b-1572-1f0c4594bf92","df7dc5f1-3fe9-448b-b061-2c548e70bbd8","t","2025-08-30 03:22:33.122+00",,"f","4641091",,"f","t",,
"[{""id"": ""babd4f44-0c9b-49a8-9f5c-2b74e60b0e35"", ""name"": ""Technology Upgrade"", ""amount"": 4091076}, {""id"": ""0e833643-39ab-4b67-80c7-2b10034e118c"", ""name"": ""Marketing"", ""amount"": 3046402}, {""id"": ""8f752ffa-da01-4d18-8431-b4d1ba4cad46"", ""name"": ""Office Expansion"", ""amount"": 4033584}, {""id"": ""d927fe2f-1fec-45f5-9215-a62c0b570309"", ""name"": ""Staff Hiring"", ""amount"": 43227881}]","890e6bc4-e0ce-4f28-ac6c-8715c9f4b353","94sn7q1lmwc529h3e80wr","d81dc152-c9d3-048b-1572-1f0c4594bf92","e753b90c-be4d-43ba-84f4-16927aeeed14","t","2025-08-17 08:15:46.262+00",,"f","15911680",,"f","f",,
"[{""id"": ""f726a263-dc3f-4987-93ff-c396b3c0b0a4"", ""name"": ""Working Capital"", ""amount"": 2075508}, {""id"": ""21daecd8-05af-4d7e-82e6-d8ed3341b902"", ""name"": ""Inventory"", ""amount"": 2647858}, {""id"": ""6c70f64a-0a6a-4a38-8682-8b67446e6c4a"", ""name"": ""Equipment Purchase"", ""amount"": 8041788}, {""id"": ""c3115593-8101-42d4-8b7f-35b9d12889d8"", ""name"": ""Office Expansion"", ""amount"": 3135472}, {""id"": ""6b7dd02b-f1bb-4f61-a395-87a0aa871235"", ""name"": ""Technology Upgrade"", ""amount"": 3489721}, {""id"": ""cc571957-3158-495a-94c5-f29755049188"", ""name"": ""Research and Development"", ""amount"": 33580243}]","6b22cd43-bfa1-4297-b958-20e0923ba126","vpevfpgxhqfj24y8xjnf8","d81dc152-c9d3-048b-1572-1f0c4594bf92","08ca0018-301c-426b-acb1-743f73813f61","t","2025-08-14 19:53:41.588+00",,"f","12127165",,"t","t",,
"[{""id"": ""610addf1-fe6a-442e-81da-ee6e38d6b947"", ""name"": ""Marketing"", ""amount"": 500000}, {""id"": ""6fbfbfba-5f42-48dd-aadb-85cfcb2e4348"", ""name"": ""Office Expansion"", ""amount"": 500000}, {""id"": ""414acb3c-d2dd-4dea-b433-036001247fb6"", ""name"": ""Research and Development"", ""amount"": 500000}, {""id"": ""12267e3b-81e8-43f2-942b-b548c6b0fdb4"", ""name"": ""Equipment Purchase"", ""amount"": 500000}, {""id"": ""d69b2e55-6bb0-42be-82fa-21e9a196c472"", ""name"": ""Inventory"", ""amount"": 500000}, {""id"": ""9b119788-e81b-4447-9c47-fb2f6145e9d0"", ""name"": ""Staff Hiring"", ""amount"": 500000}, {""id"": ""c857e71b-855a-47d8-8ef4-353e94e7e8f8"", ""name"": ""Working Capital"", ""amount"": 223780}]","ac819256-8cf4-4e8b-b8c9-98d1fad027c4","z7s0hdils56p094v2odsx","d81dc152-c9d3-048b-1572-1f0c4594bf92","9b328763-26e4-4ba6-a18a-24229517f03a","t","2025-09-08 21:32:00.881+00",,"f","331669",,"t","t",,
"[{""id"": ""a7f251e2-c13f-45e4-940a-cbcd900a0abe"", ""name"": ""Marketing"", ""amount"": 1915104}, {""id"": ""ffe9a07e-fa7c-452b-8f4f-715ba5d5712b"", ""name"": ""Staff Hiring"", ""amount"": 564004}, {""id"": ""408a34ed-5f75-4492-a9de-81e8abb6aa25"", ""name"": ""Office Expansion"", ""amount"": 896586}, {""id"": ""4d9215d0-1191-427d-84fd-4f82639df6b0"", ""name"": ""Working Capital"", ""amount"": 537640}, {""id"": ""f78fec17-7f27-4443-91b4-5f852fd0afff"", ""name"": ""Research and Development"", ""amount"": 11189076}]","6e79f6eb-1925-43d5-a066-b425cb236d3d","y38tskiysbxtv0bl8zdt2","d81dc152-c9d3-048b-1572-1f0c4594bf92","857cf450-e7c4-4a9e-8b87-8623e9b8c596","t","2025-08-30 03:55:48.156+00",,"f","2057582",,"t","f",,
"[{""id"": ""da602237-9afa-4c83-b644-449694308b88"", ""name"": ""Research and Development"", ""amount"": 706985}, {""id"": ""fabf36ba-73fa-4d23-a4b4-e9d068fad378"", ""name"": ""Technology Upgrade"", ""amount"": 898693}, {""id"": ""79eb15e2-9cf6-4de6-ab1e-1d75a6718070"", ""name"": ""Marketing"", ""amount"": 7378257}, {""id"": ""63e8338c-2441-480f-9292-2629f01e7748"", ""name"": ""Working Capital"", ""amount"": 51968399}]","8cf34c68-1592-4fba-9668-9c8e6887cbf1","dbbql62lyjonba86s9n3y","d81dc152-c9d3-048b-1572-1f0c4594bf92","9e4636cf-de37-470e-bc7c-adb8758d293e","t","2025-08-07 11:52:47.837+00",,"f","16198874",,"t","t",,
"[{""id"": ""e7dc9b9b-659e-43fa-b02c-39fdff71adea"", ""name"": ""Research and Development"", ""amount"": 1651889}, {""id"": ""8590b667-1632-4c80-9d33-206916c6c4bf"", ""name"": ""Technology Upgrade"", ""amount"": 35099044}]","fef1e252-9c76-4963-adcb-403341d42e5c","vmesajlnxm0hxus6cqhxl","d81dc152-c9d3-048b-1572-1f0c4594bf92","55f60e8a-675f-49cb-8075-d111190eb0b4","t","2025-08-09 09:31:02.941+00",,"f","3266972",,"t","t",,
"[{""id"": ""e377f07a-f15b-4530-ab44-36461582d6d4"", ""name"": ""Equipment Purchase"", ""amount"": 1975341}, {""id"": ""513f40ea-f597-41ef-ad99-b47a17807ceb"", ""name"": ""Staff Hiring"", ""amount"": 5061852}, {""id"": ""8706dbb9-c865-4657-88aa-125fb53bb692"", ""name"": ""Inventory"", ""amount"": 1623317}, {""id"": ""e2ff0217-7773-4573-975d-ce19607bac9a"", ""name"": ""Research and Development"", ""amount"": 21069383}]","03ee3970-30b4-4e74-92c5-96511c45e5a9","xjo4dgbv3tlpwg9liufy4","d81dc152-c9d3-048b-1572-1f0c4594bf92","bd8bc6db-f1c6-446f-9049-3eb09e16738d","t","2025-08-19 18:42:47.813+00",,"f","3608247",,"f","f",,
"[{""id"": ""ac4a9b09-a847-4ad0-8fda-eb7bffc62e23"", ""name"": ""Working Capital"", ""amount"": 1731643}, {""id"": ""cc7aef4f-e1c1-494c-92a8-4fc8fb907a8d"", ""name"": ""Office Expansion"", ""amount"": 1624298}, {""id"": ""2c120523-df44-4fa6-9078-9adbb181f539"", ""name"": ""Research and Development"", ""amount"": 49214292}]","a41a6bb5-868c-453f-b58b-4407d3164a73","cz721qd29d3p0dop9gajw","d81dc152-c9d3-048b-1572-1f0c4594bf92","32be592f-c3f0-4b08-9c54-a14b8b7c8c8e","t","2025-08-27 16:21:16.469+00",,"f","10530672",,"f","f",,
"[{""id"": ""6d6315f0-b1ca-46a6-b826-dc1d6063ab9a"", ""name"": ""Inventory"", ""amount"": 3999234}, {""id"": ""31c1ca57-7aba-4806-9b5b-cbaee6fc26f0"", ""name"": ""Staff Hiring"", ""amount"": 58634550}]","28166dcf-772f-4002-b006-42abf2cdc92a","vqykxj7xu85vc1vs96f56","d81dc152-c9d3-048b-1572-1f0c4594bf92","0a156d32-17fa-44cb-ae19-289326588fd2","t","2025-08-28 20:56:09.575+00",,"f","16547540",,"f","f",,
"[{""id"": ""a08d5d3e-8b61-4784-99ea-bee9382e2a78"", ""name"": ""Research and Development"", ""amount"": 879974}, {""id"": ""f24f3f96-86eb-406e-be5b-84124b95c221"", ""name"": ""Staff Hiring"", ""amount"": 2138975}, {""id"": ""5c4be75d-a0a7-4534-b023-4ae5a7e02e0c"", ""name"": ""Technology Upgrade"", ""amount"": 1800481}, {""id"": ""6be43f86-b3e0-4e5c-8ccd-c85217307954"", ""name"": ""Equipment Purchase"", ""amount"": 6883677}, {""id"": ""b774d339-1baa-4c71-8ccf-d176d437a8a2"", ""name"": ""Office Expansion"", ""amount"": 22280512}]","7223236e-ce08-49d3-a803-755fc21e5558","ecv9ntxxrth4z5xlfq7p4","d81dc152-c9d3-048b-1572-1f0c4594bf92","ded9f57f-c166-4eeb-8fd2-bae809ad8198","t","2025-08-15 05:40:09.537+00",,"f","6994833",,"f","t",,
"[{""id"": ""c584718a-9877-4c00-92d8-63e21f27eb00"", ""name"": ""Inventory"", ""amount"": 8706830}, {""id"": ""998cd0bf-3925-4629-a2fb-3a47fd43d998"", ""name"": ""Equipment Purchase"", ""amount"": 3226983}, {""id"": ""9ef04052-da9b-4747-9d79-b19c1a2c65c0"", ""name"": ""Technology Upgrade"", ""amount"": 3501077}, {""id"": ""5a20e424-b34d-4cca-ad41-d2b2d694b61c"", ""name"": ""Marketing"", ""amount"": 8711457}, {""id"": ""9893ff79-150c-4eb2-967a-bb1b1c4ea558"", ""name"": ""Office Expansion"", ""amount"": 52366385}]","e77e0618-9dae-4ae5-9a6f-b78655bf0ceb","o15jze16t9bce9pm7wwd9","d81dc152-c9d3-048b-1572-1f0c4594bf92","0538b8ee-9c1c-4dba-93ec-d47439ede1e6","t","2025-09-06 05:18:54.423+00",,"f","17584296",,"f","t",,
"[{""id"": ""edc11ec8-c023-4564-a435-13f411919727"", ""name"": ""Inventory"", ""amount"": 3085452}, {""id"": ""4186ce42-b465-4186-b521-ec53b36fbe5a"", ""name"": ""Equipment Purchase"", ""amount"": 52652972}]","3d87b6fc-d34e-428a-bae8-f28f3857fc7e","zc2lwp00cnli8l6k9fa9n","d81dc152-c9d3-048b-1572-1f0c4594bf92","f41632e6-a326-4b69-ac73-61453d3e8b4a","t","2025-08-22 11:36:01.399+00",,"f","6941303","3871375","t","f","assetPurchase","Tribuo universe charisma totam triumphus patruus demens animadverto."
"[{""id"": ""1d96f333-dfb9-432e-b534-b1314d5c69ff"", ""name"": ""Equipment Purchase"", ""amount"": 777368}, {""id"": ""65d36a61-5fa5-4c89-9cda-cdb36d8e83e6"", ""name"": ""Office Expansion"", ""amount"": 1885109}, {""id"": ""7c22a35a-daf0-4d95-823d-986da47a1231"", ""name"": ""Marketing"", ""amount"": 4780085}, {""id"": ""769d0040-1ff0-4768-a39e-3a3c9db1ca5f"", ""name"": ""Technology Upgrade"", ""amount"": 905537}, {""id"": ""bd9e417a-05b7-4fad-8451-dffca857e0fe"", ""name"": ""Working Capital"", ""amount"": 3062051}, {""id"": ""0561bcc5-9b04-4ea7-bfff-e8babf7ba98a"", ""name"": ""Research and Development"", ""amount"": 2482033}, {""id"": ""1b3de3c9-705c-4f5a-9b54-8c1e5a5c7246"", ""name"": ""Staff Hiring"", ""amount"": 62418107}]","825c70fd-8ab1-44b0-9132-b1010852529d","ku75qd9tur5tmbet8rg1f","d81dc152-c9d3-048b-1572-1f0c4594bf92","dcc633b1-2064-4897-8f3a-fed8d788a11c","t","2025-09-02 07:02:45.377+00",,"f","16930770",,"f","t",,
"[{""id"": ""12390917-db24-40cf-8095-b92267519f1e"", ""name"": ""Technology Upgrade"", ""amount"": 1362856}, {""id"": ""95c6d62d-8e3c-471e-9a91-2fb466c59dd2"", ""name"": ""Inventory"", ""amount"": 744666}, {""id"": ""42128378-d909-467e-9501-74d30b12a4bd"", ""name"": ""Staff Hiring"", ""amount"": 20811536}]","cf8338b1-af72-48ac-8fa2-167e679e6d57","3u8yk6bfvahiiig7gt3fz","d81dc152-c9d3-048b-1572-1f0c4594bf92","c90aa942-c8c9-4c1b-a65e-cab47369ecac","t","2025-08-25 06:37:48.035+00",,"f","2596355","4459578","t","t","assetPurchase","Alo creta advenio contego animadverto nostrum aetas crastinus nisi amaritudo."
"[{""id"": ""e73b725e-55d6-43b6-9d18-76a1f1c7ae88"", ""name"": ""Research and Development"", ""amount"": 546490}, {""id"": ""55e60a35-b553-45fb-9202-25f620abe81e"", ""name"": ""Equipment Purchase"", ""amount"": 4652036}, {""id"": ""1e02a192-a9f1-4216-a719-94ef3712e192"", ""name"": ""Staff Hiring"", ""amount"": 44465064}]","7f25560b-4733-4298-9d9d-c34c6b2b978f","lcu2k47o4u0zuw5pdhmhz","d81dc152-c9d3-048b-1572-1f0c4594bf92","6ce217e6-9915-4b20-ad1c-772ea60a944a","t","2025-08-26 21:49:20.306+00",,"f","3679145",,"t","f",,
"[{""id"": ""4f6d077e-c3e2-4288-b945-add0d31c501a"", ""name"": ""Research and Development"", ""amount"": 2181482}, {""id"": ""4a6ebc30-d57d-46d0-a0ff-ed5df8cccc32"", ""name"": ""Working Capital"", ""amount"": 3717829}, {""id"": ""3e9444b6-1215-4147-8f8e-3806b988f6d5"", ""name"": ""Marketing"", ""amount"": 4695595}, {""id"": ""643c9a16-9fee-4a10-a61c-2cc95ef298ee"", ""name"": ""Staff Hiring"", ""amount"": 12663561}, {""id"": ""61363028-2849-4adf-aed2-7437ea3aa598"", ""name"": ""Technology Upgrade"", ""amount"": 4759610}, {""id"": ""d231f2d6-f8f4-4cfd-8d8b-c7bbc539c71a"", ""name"": ""Office Expansion"", ""amount"": 2425015}, {""id"": ""8e65c975-0107-40e7-b8c7-7845f67e4e95"", ""name"": ""Equipment Purchase"", ""amount"": 67176945}]","8869da6a-054f-4a2c-ae8e-dfbfce926644","9lm6w9l18vao745tshpzu","d81dc152-c9d3-048b-1572-1f0c4594bf92","486abe90-1e1b-440b-b796-9c6d9074a608","t","2025-08-20 04:55:02.152+00",,"f","20159662",,"t","t",,
"[{""id"": ""bee9953f-a391-4f43-9a18-7b714f43173c"", ""name"": ""Marketing"", ""amount"": 500000}, {""id"": ""39e36aaf-f265-4bce-a9fc-24bee9e1a804"", ""name"": ""Office Expansion"", ""amount"": 500000}, {""id"": ""df441b0f-6b7d-4604-a58e-f8879ddb3043"", ""name"": ""Working Capital"", ""amount"": 1504588}]","84e706d8-6d3c-4918-afe8-5f719c32d603","wi428dp5hacy4kt8ssed2","d81dc152-c9d3-048b-1572-1f0c4594bf92","3bb02b61-ecc5-4aa2-b0fb-90f34e13ed32","t","2025-08-30 10:04:36.876+00",,"f","641517",,"t","f",,
"[{""id"": ""ec264497-1f5a-4c35-b5d4-385619072077"", ""name"": ""Working Capital"", ""amount"": 1206721}, {""id"": ""1ae4133e-382e-484a-a002-a96ce33b515e"", ""name"": ""Staff Hiring"", ""amount"": 5123394}, {""id"": ""b2c0736f-6072-48f8-96b2-b306aeec5169"", ""name"": ""Equipment Purchase"", ""amount"": 6020821}, {""id"": ""af2b8849-7f39-4825-957d-d564352e6ccf"", ""name"": ""Marketing"", ""amount"": 2333394}, {""id"": ""82736ec4-091a-4b44-b865-908f43ccebe2"", ""name"": ""Research and Development"", ""amount"": 515780}, {""id"": ""7b1e7d45-0ad4-4035-9e38-1b5785f76ebe"", ""name"": ""Office Expansion"", ""amount"": 1703423}, {""id"": ""6c0cb20e-0575-4ef0-b18e-8c855f512b8a"", ""name"": ""Inventory"", ""amount"": 16086157}]","51db0795-9b9e-4701-9ea5-714415d0caf0","cjagvs5xyo7c2q541ebw5","d81dc152-c9d3-048b-1572-1f0c4594bf92","8a44e846-389a-4960-a296-85aac66c9235","t","2025-09-04 03:53:00.316+00",,"f","3925885",,"t","f",,
"[{""id"": ""2c4ecd5e-ed8e-4e49-8f49-c31d76b82a33"", ""name"": ""Technology Upgrade"", ""amount"": 556919}, {""id"": ""93ac3951-0b24-466b-8e49-63f7f68dbb64"", ""name"": ""Marketing"", ""amount"": 5029829}]","efe7f33a-44d5-404e-965f-ce85b78b1ad7","imdcobsced2l4hsm4qoh4","d81dc152-c9d3-048b-1572-1f0c4594bf92","89e8ab48-c99d-4596-b6e2-dd7a98d7497e","t","2025-08-14 07:14:12.115+00",,"f","1108197",,"t","f",,
"[{""id"": ""7b5b7776-6f79-41b1-bd98-31376eda5519"", ""name"": ""Research and Development"", ""amount"": 934786}, {""id"": ""9686ee38-8f4a-4558-9564-f8c5c7db0f21"", ""name"": ""Equipment Purchase"", ""amount"": 10436148}, {""id"": ""0a76a9de-c1cf-4d05-adcf-16f638613044"", ""name"": ""Marketing"", ""amount"": 4575809}, {""id"": ""98fc4e42-eb76-433d-a84a-fc863d7d8903"", ""name"": ""Working Capital"", ""amount"": 2744889}, {""id"": ""193b6ca2-1eae-45db-925d-eaf918a35b19"", ""name"": ""Technology Upgrade"", ""amount"": 4794809}, {""id"": ""727da086-700d-4392-b679-bdbc3de100cd"", ""name"": ""Office Expansion"", ""amount"": 65961865}]","3cf94cce-275e-4206-a546-8a888059a5ee","q9847ks297dj5294mqz9j","d81dc152-c9d3-048b-1572-1f0c4594bf92","24b91a36-9dee-4e78-885e-ee27df92d28c","t","2025-08-29 20:21:59.26+00",,"f","24834901",,"f","t",,
"[{""id"": ""0f568e51-c561-4bc1-88be-2406212de66d"", ""name"": ""Equipment Purchase"", ""amount"": 2972451}, {""id"": ""259dc083-4f2f-4caf-8c57-003c28bf6d95"", ""name"": ""Research and Development"", ""amount"": 2007272}, {""id"": ""ef4db2d0-5195-4add-9a29-f9a370a712c9"", ""name"": ""Technology Upgrade"", ""amount"": 42234939}]","f74b43f4-4eae-4782-ace3-6a13972ebd6d","wvzllcfz8r1p9zmdes01k","d81dc152-c9d3-048b-1572-1f0c4594bf92","67b17596-1e0d-4f49-8f44-493dec79a665","t","2025-09-09 03:23:58.692+00",,"f","5329854",,"t","t",,
"[{""id"": ""442a41e1-eff8-4758-807e-66b65b56a4a8"", ""name"": ""Research and Development"", ""amount"": 3536090}, {""id"": ""141bd02a-dae8-49ca-ab62-e864713dc3bf"", ""name"": ""Inventory"", ""amount"": 12391163}, {""id"": ""ba092c9f-5764-409a-8ff7-11c3aceef091"", ""name"": ""Marketing"", ""amount"": 11033956}, {""id"": ""c13f6b56-f9c1-4a0b-9027-86ac9edf782b"", ""name"": ""Staff Hiring"", ""amount"": 70029381}]","58463864-bd2b-41c1-bc04-d9d322aa3f75","93xb1ub6wbhft9xmr1ltw","d81dc152-c9d3-048b-1572-1f0c4594bf92","4f259d34-23a2-4b25-a27d-2c106a7decd4","t","2025-08-27 23:35:15.02+00",,"f","9567385","2244594","t","f","stockPurchase","Unus comes theatrum vereor aeger solium."
"[{""id"": ""b29946c3-73f4-4e67-85c5-b7ffa6d89fe7"", ""name"": ""Marketing"", ""amount"": 8339023}, {""id"": ""a7fe8f12-9ef2-43fc-9ec1-3f9e89b0ed9a"", ""name"": ""Staff Hiring"", ""amount"": 5603533}, {""id"": ""b37c8d88-46c3-4fc7-9fe6-0a70a135f40c"", ""name"": ""Office Expansion"", ""amount"": 4281895}, {""id"": ""536cbb46-c79b-47a1-872b-f664e49e6e43"", ""name"": ""Equipment Purchase"", ""amount"": 46949046}]","9b08a1c1-09bd-4705-96a5-8cd835a92633","or3jb4yo94fy17s0vfh2m","d81dc152-c9d3-048b-1572-1f0c4594bf92","40af19f0-7eee-43ca-8b4d-e172760ba829","t","2025-09-08 11:21:05.548+00",,"f","17370450",,"t","t",,
"[{""id"": ""c8bff5e2-c3c0-4c15-8dfd-fa508401e188"", ""name"": ""Marketing"", ""amount"": 4991336}, {""id"": ""9c21ca67-e60e-4509-a38f-9c5a2676ee68"", ""name"": ""Research and Development"", ""amount"": 2479674}, {""id"": ""a0980deb-e291-4251-80c9-4279321e8db5"", ""name"": ""Equipment Purchase"", ""amount"": 12396363}, {""id"": ""9db5bd1f-8fc7-47bf-856a-7723f1cf5489"", ""name"": ""Working Capital"", ""amount"": 3252307}, {""id"": ""c1a73d6a-57a4-4723-bf23-86cf1498c259"", ""name"": ""Inventory"", ""amount"": 9342242}, {""id"": ""d71712a3-16a8-4efe-bc48-af919d58abb7"", ""name"": ""Technology Upgrade"", ""amount"": 1993255}, {""id"": ""066fb4a7-6400-45df-924e-7dfd2b9c12db"", ""name"": ""Office Expansion"", ""amount"": 61852667}]","54a59902-ab30-416a-b8d1-2c6f7b24a2fd","c3ra4gwpqjnqzaph97qkk","d81dc152-c9d3-048b-1572-1f0c4594bf92","a99304a6-3b05-41f1-8b02-9f65d71bbfb3","t","2025-08-20 21:25:42.384+00",,"f","12228599",,"t","t",,
"[{""id"": ""94883e62-fd87-4653-965f-5d8c8fa3f9ef"", ""name"": ""Marketing"", ""amount"": 7966163}, {""id"": ""5db6ba47-f73d-430e-94cd-3373e386ef70"", ""name"": ""Staff Hiring"", ""amount"": 7240415}, {""id"": ""2b03ac20-4cfd-4f7c-a3c5-5a3972c19143"", ""name"": ""Office Expansion"", ""amount"": 969737}, {""id"": ""3547f736-ce15-42d0-8227-8a3e56890e6e"", ""name"": ""Inventory"", ""amount"": 4629665}, {""id"": ""d4755ff6-de86-45bd-8467-541fea6b9344"", ""name"": ""Equipment Purchase"", ""amount"": 7422638}, {""id"": ""678d291a-dc18-4b6e-a3f8-3de9ca3641b8"", ""name"": ""Working Capital"", ""amount"": 25135318}]","8d3daa65-a661-4c50-8f78-b5e1108d53fd","4k63vji80o0bm3vvaactu","d81dc152-c9d3-048b-1572-1f0c4594bf92","596cbfc5-b0a6-4983-822b-40a86fa25188","t","2025-08-24 04:02:11.138+00",,"f","11797173",,"f","f",,
"[{""id"": ""0c22d085-b7b4-422f-82e6-65c9e22245b7"", ""name"": ""Technology Upgrade"", ""amount"": 2033238}, {""id"": ""31e18ccc-c4c7-4565-95f0-7f84a7823dd7"", ""name"": ""Marketing"", ""amount"": 25445575}]","780fed92-67cb-4efd-ba47-b5fa80f4a136","v7816fyid0ptnc3zq8oyw","d81dc152-c9d3-048b-1572-1f0c4594bf92","0830185b-83d0-4b71-b0f3-3c3b8d36f102","t","2025-08-28 22:51:36.905+00",,"f","1876651",,"t","t",,
"[{""id"": ""f669151b-5ad8-4bf9-a605-c91e6c2c6ce8"", ""name"": ""Marketing"", ""amount"": 8210149}, {""id"": ""fdbcd28f-054d-4210-84c1-a569b4a996b3"", ""name"": ""Inventory"", ""amount"": 3356075}, {""id"": ""ca0486fd-9fd8-470e-b021-b7667b53307d"", ""name"": ""Technology Upgrade"", ""amount"": 2876403}, {""id"": ""e2ea6abb-3b41-4556-a1a3-1fe4683b409a"", ""name"": ""Equipment Purchase"", ""amount"": 14686892}, {""id"": ""73e62170-a63f-45dd-adc0-25a31246796a"", ""name"": ""Research and Development"", ""amount"": 1571603}, {""id"": ""f69f1f28-827f-4e7f-bdef-66a9c5713b7b"", ""name"": ""Working Capital"", ""amount"": 55458564}]","bbf85a00-aa64-4512-b0c1-933ffff16672","kmmk06msd9k2imbcv29au","d81dc152-c9d3-048b-1572-1f0c4594bf92","6e2c77d0-3107-4d83-bde6-2bfd69be7ca9","t","2025-09-09 11:06:16.633+00",,"f","7765427",,"f","t",,
"[{""id"": ""b09db12f-9d59-44b5-856d-ef603814a502"", ""name"": ""Technology Upgrade"", ""amount"": 2275940}, {""id"": ""4688d751-80cd-4645-9819-77772e6c12ff"", ""name"": ""Research and Development"", ""amount"": 3321120}, {""id"": ""0a24afa7-b5da-4def-95d6-6799c87db2ea"", ""name"": ""Office Expansion"", ""amount"": 2376905}, {""id"": ""af300abc-018b-456f-abb3-7df3550afcd7"", ""name"": ""Marketing"", ""amount"": 68750945}]","f5a617c2-1c70-44a0-9086-f12ec1cd6abf","2f0envqjwr3i0zu4e610g","d81dc152-c9d3-048b-1572-1f0c4594bf92","6deee9cd-d05b-48d6-a36d-8d0a2e4c72e3","t","2025-09-06 02:08:39.59+00",,"f","5073532","2442399","f","f","stockPurchase","Utroque adduco triumphus ceno deputo catena tibi quaerat modi."
"[{""id"": ""7769dc98-0cc8-4a5c-9759-5b965501f68a"", ""name"": ""Technology Upgrade"", ""amount"": 3189873}, {""id"": ""c013e036-077d-4fcb-9edf-eb53dedbfbee"", ""name"": ""Inventory"", ""amount"": 2495212}, {""id"": ""f1220baa-4af6-4179-b5e9-ff859e3c267e"", ""name"": ""Research and Development"", ""amount"": 73183228}]","76895584-b4f1-49ca-a126-3153f6491a42","6o78ar32gxxzwbx3hvsxw","d81dc152-c9d3-048b-1572-1f0c4594bf92","bd51df30-ad13-446d-974a-769bdeec5cb9","t","2025-09-09 06:56:05.544+00",,"f","13413982",,"t","t",,
"[{""id"": ""cbd092ba-6ebf-4bad-a83b-715523773f87"", ""name"": ""Staff Hiring"", ""amount"": 11890762}, {""id"": ""0077c57d-6b40-4069-a546-8a62bc0661c7"", ""name"": ""Office Expansion"", ""amount"": 62378684}]","52bc108f-752f-44f0-83c7-06d2232214ea","sjkbii6asy1of7fdg7itb","d81dc152-c9d3-048b-1572-1f0c4594bf92","8811dd74-2f5b-455d-91ac-c523d5b04b4f","t","2025-09-02 10:28:56.125+00",,"f","21188097",,"t","t",,
"[{""id"": ""a49d637a-41e3-43e6-b821-09080a0b322b"", ""name"": ""Staff Hiring"", ""amount"": 11018149}, {""id"": ""03fd7ad1-b050-406a-ad88-4cd5c3ea7910"", ""name"": ""Marketing"", ""amount"": 6275262}, {""id"": ""7c181859-e3ff-4e0d-af54-e6996617981c"", ""name"": ""Working Capital"", ""amount"": 1700712}, {""id"": ""02767b7e-e7a7-4bc6-8ccb-51d4fc145050"", ""name"": ""Office Expansion"", ""amount"": 2728160}, {""id"": ""5f45b95d-4b5a-48b7-81aa-57aff2b8090a"", ""name"": ""Research and Development"", ""amount"": 937016}, {""id"": ""1fc243a9-746a-43f2-a560-c87d55b76613"", ""name"": ""Inventory"", ""amount"": 34869163}]","d5c474d7-7a20-4e75-b0ed-d8cfd1c6aa54","1e7h594srdwv7i54hawcf","d81dc152-c9d3-048b-1572-1f0c4594bf92","82115894-e149-4552-9cf4-008e5fc2edbb","t","2025-08-20 06:25:46.147+00",,"f","14175243",,"t","f",,
"[{""id"": ""49c791e0-7e4a-495d-bed4-e7d1b5321b54"", ""name"": ""Technology Upgrade"", ""amount"": 656633}, {""id"": ""3f07f1a5-3120-4238-803f-b2710fffd456"", ""name"": ""Staff Hiring"", ""amount"": 8443352}, {""id"": ""c02b263f-2e71-4850-bbfb-ae44c95b39b0"", ""name"": ""Research and Development"", ""amount"": 37036919}]","93e5bda7-9d25-4970-9bc4-21e9edf0cf87","s650wav8feqjq54a6pgre","d81dc152-c9d3-048b-1572-1f0c4594bf92","de546a2f-d4b5-4bdf-b09c-0453b4a01ba0","t","2025-08-30 05:33:20.948+00",,"f","12265432",,"t","f",,
"[{""id"": ""e5299fa8-31bc-4e5f-8b9d-c56c73e19d3e"", ""name"": ""Marketing"", ""amount"": 1143085}, {""id"": ""132ce6d7-3b1d-4226-a046-be2fee314d37"", ""name"": ""Inventory"", ""amount"": 8800768}]","6c7be23c-8449-431d-8547-1a7fed41a6df","d7yaubknes95wokn7srvt","d81dc152-c9d3-048b-1572-1f0c4594bf92","b298dbe7-9b84-412a-9609-485262be4d9f","t","2025-08-26 07:36:41.584+00",,"f","2106908",,"f","t",,
"[{""id"": ""3bbde2ce-5310-4063-b5c6-14d5c0146240"", ""name"": ""Working Capital"", ""amount"": 2238929}, {""id"": ""849b6892-bbab-4f63-a129-4c510f7dd9db"", ""name"": ""Staff Hiring"", ""amount"": 54513840}]","923f0715-ed1a-4485-842c-965d3a8c3b46","7q7bnvafm5en693e4qamq","d81dc152-c9d3-048b-1572-1f0c4594bf92","fa58c8c8-70e2-4264-a6b4-1879c925045f","t","2025-08-27 05:16:35.324+00",,"f","11911192","1322245","f","t","notSure","Pecto solutio ulciscor patria aiunt adiuvo somnus error terror aurum."
"[{""id"": ""0756d5a5-a28b-46e0-bc79-65d8992f4f1c"", ""name"": ""Staff Hiring"", ""amount"": 1101695}, {""id"": ""0c0adb2f-6f34-48a1-96d5-a44ba3ee6dd9"", ""name"": ""Working Capital"", ""amount"": 500000}, {""id"": ""c2e84347-f46c-4b20-a0ee-418cb246d090"", ""name"": ""Equipment Purchase"", ""amount"": 695724}, {""id"": ""fc9f6cdf-999f-49c2-bcf7-d3757bfb064d"", ""name"": ""Technology Upgrade"", ""amount"": 561273}, {""id"": ""cf545649-d4b6-4876-ba8b-74d58dea75e9"", ""name"": ""Research and Development"", ""amount"": 500000}, {""id"": ""3ec12efc-d2a1-48a2-b5d5-ffdeef45f107"", ""name"": ""Office Expansion"", ""amount"": 5091609}]","39279851-5232-48f9-9195-83097c541127","c1rkcw1faw4y4egjmbtur","d81dc152-c9d3-048b-1572-1f0c4594bf92","3a53fd29-682d-4a12-9756-e75c7bca93e1","t","2025-08-22 13:55:23.429+00",,"f","1329894",,"t","t",,
"[{""id"": ""477445e5-ac19-4872-adae-ffc0da81f2f6"", ""name"": ""Inventory"", ""amount"": 1604576}, {""id"": ""12f0504a-771a-40aa-8dc2-542c4162c7d3"", ""name"": ""Working Capital"", ""amount"": 541590}, {""id"": ""e099d70f-f99f-4c37-9b79-e9acfa0a131e"", ""name"": ""Office Expansion"", ""amount"": 12960241}]","d7f61c50-bcbc-41d6-a2c9-6104a996a36f","ecjn2pid33kpbuuk2dygr","d81dc152-c9d3-048b-1572-1f0c4594bf92","81e4cb8d-3a20-46ac-8844-0604d724ff60","t","2025-08-12 16:57:14.245+00",,"f","2178855","9489376","t","f","notSure","Tepidus cattus vacuus."
"[{""id"": ""b697f41d-812d-4836-a0f3-44d3cfd5fb1e"", ""name"": ""Office Expansion"", ""amount"": 500000}, {""id"": ""fb1509d2-c336-4451-8b4d-dd4bc9aa8ed3"", ""name"": ""Working Capital"", ""amount"": 500000}, {""id"": ""1072a3b8-f1fc-4fb9-b6bd-c9acbae9c15d"", ""name"": ""Inventory"", ""amount"": 500000}, {""id"": ""10ed2af7-0997-455a-97e1-79ac9932f5fd"", ""name"": ""Equipment Purchase"", ""amount"": 633834}, {""id"": ""254e05c3-8fe1-48f1-9eb3-200deea1e82b"", ""name"": ""Marketing"", ""amount"": 500000}, {""id"": ""50c978aa-dbeb-4ce3-ab87-3690852b0502"", ""name"": ""Technology Upgrade"", ""amount"": 1479187}]","5a7d2b89-ad06-4bdb-a88e-5d5a448aa5b1","hp2lb3yevpu7cv5p8ps1z","d81dc152-c9d3-048b-1572-1f0c4594bf92","39fc7524-78b5-4d08-8da2-d4dfe802010d","t","2025-08-28 20:06:57.156+00",,"f","1139962",,"t","f",,
"[{""id"": ""24bcaa81-4f4e-42fb-a96d-efbbaf3d577a"", ""name"": ""Staff Hiring"", ""amount"": 10670832}, {""id"": ""94939b19-f357-4258-af19-277fc3c8812c"", ""name"": ""Working Capital"", ""amount"": 942710}, {""id"": ""5a813365-6e6c-43ef-b2cf-546bdf5470b5"", ""name"": ""Equipment Purchase"", ""amount"": 7360507}, {""id"": ""2022999a-3ad2-48a3-a3f2-29f688a5650a"", ""name"": ""Office Expansion"", ""amount"": 3836015}, {""id"": ""9f12b4a4-3fdc-4afd-8edf-9cb1cfd908e8"", ""name"": ""Inventory"", ""amount"": 3918711}, {""id"": ""9f2e6d72-e640-4e94-95ed-25671fa51d9c"", ""name"": ""Marketing"", ""amount"": 33023834}]","6be40ce0-945d-4f34-82c6-c016623937ab","yge3mi20olpc08zdui3t8","d81dc152-c9d3-048b-1572-1f0c4594bf92","eb286c9c-5708-426c-9ca1-a2143466d250","t","2025-08-24 07:30:16.286+00",,"f","5795496",,"t","t",,
"[{""id"": ""d1bc8cfc-7ece-4da7-bded-b1aac132a9b0"", ""name"": ""Marketing"", ""amount"": 2548503}, {""id"": ""f8cf49b9-addc-4a1a-9569-2569e63d4e36"", ""name"": ""Office Expansion"", ""amount"": 821023}, {""id"": ""53d0fabe-c6bd-4a8f-bd38-5ebaf5f05741"", ""name"": ""Technology Upgrade"", ""amount"": 2112696}, {""id"": ""09a7215f-a64f-43a3-b8ad-9e3d1ffb2e25"", ""name"": ""Research and Development"", ""amount"": 828702}, {""id"": ""d0596fcf-aa4c-4de6-a183-534507be31b0"", ""name"": ""Inventory"", ""amount"": 21426359}]","36e252e9-90f3-42aa-bcea-65e5cb111ab2","0c234p6xj6k1jzc3l97q4","d81dc152-c9d3-048b-1572-1f0c4594bf92","213c68ad-1435-4b7b-bb62-d12049ea89a0","t","2025-08-25 22:07:49.667+00",,"f","1604734","4046576","f","f","stockPurchase","Vulnero varius calculus."
"[{""id"": ""3799aa2c-d06e-4e3c-a166-2d05f4422487"", ""name"": ""Staff Hiring"", ""amount"": 3188893}, {""id"": ""d9c3c3d9-6839-41f2-bedd-ab4ef6a7e4f7"", ""name"": ""Equipment Purchase"", ""amount"": 2210981}, {""id"": ""27cbbf3a-f19b-41ce-98b3-bc1424cac03c"", ""name"": ""Marketing"", ""amount"": 1118576}, {""id"": ""c02a4d91-e2e5-457c-b9a6-0dbb9d882bc9"", ""name"": ""Research and Development"", ""amount"": 794251}, {""id"": ""08c7a203-f6fc-4140-a526-b21f57bd2fe7"", ""name"": ""Working Capital"", ""amount"": 16783747}]","cddcc46d-b90b-484c-a1f3-144f6726b3e4","u91aqr7sf1fhe6x8s1bcq","d81dc152-c9d3-048b-1572-1f0c4594bf92","59383a82-9a6b-4f30-9052-aa5f8f61caca","t","2025-09-15 23:36:02.591+00",,"f","5955847",,"t","t",,
"[{""id"": ""8e5eb4e3-f062-4c7e-8cb0-3ebe49d1dd58"", ""name"": ""Inventory"", ""amount"": 1014569}, {""id"": ""7c2df923-ae74-41a7-9513-133a8fe3721b"", ""name"": ""Working Capital"", ""amount"": 500000}, {""id"": ""5d9c7898-3dd8-467e-8a53-825c69dd82ec"", ""name"": ""Office Expansion"", ""amount"": 596969}, {""id"": ""a9908e57-0080-4a97-81fb-a350c33d3798"", ""name"": ""Technology Upgrade"", ""amount"": 8641852}]","c0b61dd4-c0b2-4787-90bd-6c26ece7bda3","46ecup7mc7fl07arxwx3s","d81dc152-c9d3-048b-1572-1f0c4594bf92","90a88aa8-1ccc-42f6-956d-599d68c1fa12","t","2025-08-12 21:34:12.007+00",,"f","1583310",,"f","t",,
"[{""id"": ""29d3c892-2c8c-4119-a1d9-3c6f34b7db06"", ""name"": ""Inventory"", ""amount"": 773202}, {""id"": ""df4efa53-5c21-436c-9dd9-485dec0ca2b4"", ""name"": ""Equipment Purchase"", ""amount"": 1169064}, {""id"": ""ca501c98-8706-4783-9aa7-af1ead5fba13"", ""name"": ""Staff Hiring"", ""amount"": 508672}, {""id"": ""b439c044-b1f0-44c7-83ff-bfe0ef36c1e3"", ""name"": ""Working Capital"", ""amount"": 500000}, {""id"": ""e9445455-48f6-461d-a20a-475be3a0820c"", ""name"": ""Research and Development"", ""amount"": 500000}, {""id"": ""af1ae5b6-411a-4f4d-934a-ccb546406b42"", ""name"": ""Technology Upgrade"", ""amount"": 2674724}]","18a5d7f2-0cc0-4296-af43-b72ad6170a83","k6jncmx3xgbkwxrrz2t3u","d81dc152-c9d3-048b-1572-1f0c4594bf92","feae274a-a362-421f-bf70-088b41f95966","t","2025-09-10 22:51:25.763+00",,"f","549397","6346162","t","f","notSure","Animi viriliter uredo suscipio velut est tactus labore."
"[{""id"": ""76f9dad9-1386-43e7-be2c-b07c82ed5d59"", ""name"": ""Research and Development"", ""amount"": 500000}, {""id"": ""53a35a50-d7b5-4261-a402-90957b47d9d9"", ""name"": ""Inventory"", ""amount"": 975287}, {""id"": ""8cdf86a5-dd50-482c-9d0b-c7c7807eec8e"", ""name"": ""Office Expansion"", ""amount"": 549817}, {""id"": ""7b3c4187-6f1f-4290-b862-8b9553deb88a"", ""name"": ""Working Capital"", ""amount"": 500000}, {""id"": ""944417bc-01d4-4ea7-a2de-f8ba6e9c16c9"", ""name"": ""Technology Upgrade"", ""amount"": 627001}, {""id"": ""6f00c965-f335-40f0-86dd-3c2ad5cccb50"", ""name"": ""Equipment Purchase"", ""amount"": 5944304}]","3fb7f035-ff0e-4713-abe3-eab4a15c9938","9eduv53eix7kfvmo74gpy","d81dc152-c9d3-048b-1572-1f0c4594bf92","fa2d842e-d561-4a74-bf3c-b24bbc35f63b","t","2025-08-29 23:12:16.828+00",,"f","1404242",,"t","t",,
"[{""id"": ""779eba39-1ddd-4247-b6f4-96ea8384c7aa"", ""name"": ""Marketing"", ""amount"": 4248986}, {""id"": ""3967a55e-e2a2-46c5-9cd3-00556ef4584e"", ""name"": ""Staff Hiring"", ""amount"": 7619643}, {""id"": ""357f7946-953a-499d-8d4e-5a3921044da1"", ""name"": ""Equipment Purchase"", ""amount"": 35766095}]","877a4a6f-d688-49d0-8e37-8406b4757740","6z2c2twtzsf8vnypwpmc3","d81dc152-c9d3-048b-1572-1f0c4594bf92","406757d9-7f8c-41ac-b503-0d026256b117","t","2025-09-10 20:54:19.993+00",,"f","2904889","8674247","t","f","assetPurchase","Quibusdam adsum tardus umbra culpa credo arbor."
"[{""id"": ""71d33578-615e-48e4-bfd1-92a35fb4c056"", ""name"": ""Technology Upgrade"", ""amount"": 3523664}, {""id"": ""f236b036-bc1b-4835-9359-8e7475731849"", ""name"": ""Staff Hiring"", ""amount"": 3392371}, {""id"": ""db14ab23-b0f6-4ada-8d17-a2557bb983a3"", ""name"": ""Marketing"", ""amount"": 2283495}, {""id"": ""f0a01369-96cd-4b66-9b83-50de2ac42244"", ""name"": ""Research and Development"", ""amount"": 1245755}, {""id"": ""0a48adc3-4475-4519-addc-7577af837b68"", ""name"": ""Inventory"", ""amount"": 1871186}, {""id"": ""60a2129f-d486-4def-a760-915c933af4e8"", ""name"": ""Office Expansion"", ""amount"": 24419299}]","f63190b7-0c1a-4980-a3b4-aa8d355b5708","upm0mv04ddazhgwrxe2ep","d81dc152-c9d3-048b-1572-1f0c4594bf92","410b8142-8348-4b90-8bb6-9e2647292e62","t","2025-08-29 05:05:43.723+00",,"f","5334549",,"t","t",,
"[{""id"": ""7442fcff-e1a4-4e73-99e6-77e1fdfb8915"", ""name"": ""Office Expansion"", ""amount"": 3000828}, {""id"": ""cdfe930c-f526-4fa7-8777-1f079ad705a3"", ""name"": ""Equipment Purchase"", ""amount"": 12994266}, {""id"": ""fe3d2f3f-1bfe-4b6a-b57b-4225c2b0544c"", ""name"": ""Staff Hiring"", ""amount"": 6249109}, {""id"": ""e2a3e419-baf0-4c23-8ddf-4badfb20e16e"", ""name"": ""Marketing"", ""amount"": 6091286}, {""id"": ""213f5d5a-b039-4278-8c40-13efad270e01"", ""name"": ""Technology Upgrade"", ""amount"": 999551}, {""id"": ""807aca95-445d-4f48-a696-025f548bc948"", ""name"": ""Working Capital"", ""amount"": 57886335}]","b1255a9a-b3b7-46e3-94dd-97a1da9cbf7b","j71cxog5l8w2ty4rlpuwe","d81dc152-c9d3-048b-1572-1f0c4594bf92","bc126bf1-7f6e-45ae-bbe5-9c8fdb13abd0","t","2025-08-13 09:05:50.484+00",,"f","7623655","3845094","t","t","stockPurchase","Avaritia caput veniam debeo crux ad tactus dapifer."
"[{""id"": ""500bbc4a-00b3-46a4-a5c3-25309a4a80aa"", ""name"": ""Working Capital"", ""amount"": 2861673}, {""id"": ""fe76a6ba-e859-4f3a-8a59-a08c35bd345d"", ""name"": ""Office Expansion"", ""amount"": 5269690}, {""id"": ""d2a02430-5ff7-4ed0-be00-ae39b36d2214"", ""name"": ""Staff Hiring"", ""amount"": 926058}, {""id"": ""54489fad-c96a-4d7a-b6e7-7b59fd1cd03a"", ""name"": ""Marketing"", ""amount"": 4461531}, {""id"": ""b07c461a-349e-40db-be7f-c971d5fdbc99"", ""name"": ""Technology Upgrade"", ""amount"": 3785702}, {""id"": ""44772c24-91bd-42ca-9414-7282037e60fa"", ""name"": ""Equipment Purchase"", ""amount"": 50222859}]","f48d414f-2048-4713-b20f-027bc3a0e9d0","c1101n8pj06hu6426lef0","d81dc152-c9d3-048b-1572-1f0c4594bf92","14bf96f8-3653-4e5c-b19d-04d1aeac5f0f","t","2025-08-21 08:22:46.848+00",,"f","8313915",,"f","t",,
"[{""id"": ""c646ddd5-cb35-4162-98ee-c17e0654c3f4"", ""name"": ""Equipment Purchase"", ""amount"": 14303164}, {""id"": ""4c949591-b00a-452d-9e45-123a977f9851"", ""name"": ""Office Expansion"", ""amount"": 763707}, {""id"": ""3726ca01-830f-44ee-a646-603060292a4d"", ""name"": ""Staff Hiring"", ""amount"": 52942826}]","3bb1bb43-2e5c-4f28-b704-d05d3344835f","6jelwyv3z1a6ujwwns0kg","d81dc152-c9d3-048b-1572-1f0c4594bf92","da074407-f3a1-418e-a105-29d08de0301b","t","2025-08-29 13:18:14.878+00",,"f","11328436",,"f","f",,
"[{""id"": ""8b0dd9e6-a445-49a3-8d4d-16b9d85e41eb"", ""name"": ""Marketing"", ""amount"": 610062}, {""id"": ""0e997e6d-5bd0-4139-ab68-7f3792ae174a"", ""name"": ""Office Expansion"", ""amount"": 500000}, {""id"": ""d1b456e0-f976-42a1-b128-16f382dd3e72"", ""name"": ""Equipment Purchase"", ""amount"": 904781}, {""id"": ""ca7ade29-b85d-431b-a082-1ddecefdadf0"", ""name"": ""Inventory"", ""amount"": 500000}, {""id"": ""a4f9b005-8fb6-4828-a1d3-c8b7858dceac"", ""name"": ""Staff Hiring"", ""amount"": 500000}, {""id"": ""b8f19a4e-2a3f-4872-8710-bbeb1d68f5e4"", ""name"": ""Working Capital"", ""amount"": 500000}, {""id"": ""7cbdb2c2-6362-4511-8c23-58181612a452"", ""name"": ""Technology Upgrade"", ""amount"": 1338052}]","e1e52e8a-fe3b-4801-9ffe-47f9cab88698","kbfjmh0g7ghzxbgu4zxa2","d81dc152-c9d3-048b-1572-1f0c4594bf92","97c7e502-dcbb-4324-919e-ea2288777c3e","t","2025-08-25 22:19:16.997+00",,"f","1411058",,"t","f",,
"[{""id"": ""e8822750-f3a6-4781-a88e-4c023ebe5241"", ""name"": ""Research and Development"", ""amount"": 3758103}, {""id"": ""109f4605-7e41-4056-9a9c-ef05f9ec2441"", ""name"": ""Office Expansion"", ""amount"": 7666895}, {""id"": ""18892823-30f7-4ded-bd6d-fd28117b0cc2"", ""name"": ""Working Capital"", ""amount"": 1986493}, {""id"": ""978171fa-59df-45ca-bd3a-aa040fdb7089"", ""name"": ""Staff Hiring"", ""amount"": 8870425}, {""id"": ""37508900-8e7c-4a5f-a4db-37be908eb6c9"", ""name"": ""Inventory"", ""amount"": 9339818}, {""id"": ""995d1e43-3dde-4f0f-875a-7bbdee86d8dd"", ""name"": ""Marketing"", ""amount"": 64640662}]","16bc533e-742f-45a2-a316-f9d03c4fc4a5","7f0s2nqz9xxfm86tf3cur","d81dc152-c9d3-048b-1572-1f0c4594bf92","8daf5c57-30b8-430f-b208-4f2410f5a49b","t","2025-08-20 01:50:51.788+00",,"f","17354621",,"t","t",,
"[{""id"": ""62584cc1-ef70-4142-9248-fbc399607f6d"", ""name"": ""Equipment Purchase"", ""amount"": 7022786}, {""id"": ""1ab4e3e1-3150-466f-b8ff-ef9ebb8372c4"", ""name"": ""Marketing"", ""amount"": 3140221}, {""id"": ""3ebd99af-ee58-4125-98c2-4b50b246f4f6"", ""name"": ""Office Expansion"", ""amount"": 2608721}, {""id"": ""e42a3b3f-14e5-43af-b54a-e09d4c8ada07"", ""name"": ""Inventory"", ""amount"": 2503041}, {""id"": ""2d7ccdf1-b572-4bf1-b50d-0b0ef2b29a46"", ""name"": ""Technology Upgrade"", ""amount"": 21108533}]","b1e5bf3f-9d2a-481d-a383-4b7dbd00f075","tacu069xiykiyyml9w9ys","d81dc152-c9d3-048b-1572-1f0c4594bf92","28ceecd2-b05d-4d82-aaaf-056f3d1895e5","t","2025-09-05 22:19:12.473+00",,"f","10261613",,"t","f",,
"[{""id"": ""71407766-b597-41b8-9f65-03f5678652e7"", ""name"": ""Equipment Purchase"", ""amount"": 1949778}, {""id"": ""3f1dbcbd-8f37-42cb-841a-0e38cd6300e2"", ""name"": ""Staff Hiring"", ""amount"": 693839}, {""id"": ""6aa885e9-ecea-4f58-8247-16a161f0fb41"", ""name"": ""Marketing"", ""amount"": 776240}, {""id"": ""f531e3ad-a3cf-4cb8-91d2-dfc21ebd739d"", ""name"": ""Research and Development"", ""amount"": 500000}, {""id"": ""f20de5c2-534d-4454-ad9d-80739a0946bb"", ""name"": ""Inventory"", ""amount"": 703180}, {""id"": ""467bb457-eaef-4fd9-bcf2-d68b8e12b89e"", ""name"": ""Working Capital"", ""amount"": 4136350}]","2a6ed090-ded0-4163-999b-704773799254","3e1tkr5g68cwjdf1y8j4f","d81dc152-c9d3-048b-1572-1f0c4594bf92","0a4be63e-5780-4d9e-82d8-9de9613f729d","t","2025-08-19 01:53:08.203+00",,"f","2615171",,"t","t",,
"[{""id"": ""6096c0c4-9033-4aa7-94b8-1d890dc4348f"", ""name"": ""Marketing"", ""amount"": 9055481}, {""id"": ""7921721d-f87a-4448-bbf5-6a5cf32ec2e2"", ""name"": ""Office Expansion"", ""amount"": 3942710}, {""id"": ""14a1887d-e485-4b10-82e6-e6f3fbb33153"", ""name"": ""Technology Upgrade"", ""amount"": 53468628}]","738fdc2f-28b4-487b-8ebd-b0ca438476d2","rjy8wzc1fida2ir1uqoo2","d81dc152-c9d3-048b-1572-1f0c4594bf92","28a94ec5-03d7-4706-b63a-0313a672235b","t","2025-08-24 03:34:32.888+00",,"f","12785781",,"t","f",,
"[{""id"": ""068c1fa8-ed0b-4be5-ae5c-d1c572408289"", ""name"": ""Working Capital"", ""amount"": 500000}, {""id"": ""c593a15d-44b8-4eed-b3fd-dc53aeaaab4b"", ""name"": ""Research and Development"", ""amount"": 500000}, {""id"": ""e5cee4c5-a92e-4423-87a2-dc9710b64258"", ""name"": ""Technology Upgrade"", ""amount"": 500000}, {""id"": ""5a452d63-128f-494a-b661-dfd389b7de28"", ""name"": ""Marketing"", ""amount"": 500000}, {""id"": ""da3e4f37-801c-4019-abcb-b49eedea64f6"", ""name"": ""Staff Hiring"", ""amount"": 500000}, {""id"": ""78d94b8f-aee2-4f9e-b2d6-81a4995a00f5"", ""name"": ""Office Expansion"", ""amount"": 500000}, {""id"": ""3f74c5fe-b552-4388-9a62-4ab6d668f238"", ""name"": ""Inventory"", ""amount"": 565409}]","56de5064-8860-40af-8b23-b8c7cbd1cf65","v09e0cpvu824uvfuy5ak1","d81dc152-c9d3-048b-1572-1f0c4594bf92","79e3a489-dd7d-43d5-8a35-5f6cadf3615c","t","2025-09-02 07:03:39.84+00",,"f","751470",,"t","t",,
"[{""id"": ""00e43b4c-c7ef-4faa-944c-e1d595f3f047"", ""name"": ""Office Expansion"", ""amount"": 5769793}, {""id"": ""e3a5ef11-065b-4a74-95b0-d05c75586338"", ""name"": ""Research and Development"", ""amount"": 52202486}]","4b310632-e1fa-4f52-add0-5fcc3ed5b011","qnr2ufx8hzvavbbg2quon","d81dc152-c9d3-048b-1572-1f0c4594bf92","3a603bfc-597e-45bd-b237-4bfbbde17e0f","t","2025-08-30 06:32:56.972+00",,"f","4248830","2447434","f","f","assetPurchase","Officiis doloremque tunc sol sumptus truculenter clementia victus illo spiculum."
"[{""id"": ""ef12bf9c-680e-48f0-921e-c8abf216bb29"", ""name"": ""Inventory"", ""amount"": 1751522}, {""id"": ""060ca9c2-8b61-4f54-99c4-561324367c3e"", ""name"": ""Working Capital"", ""amount"": 901924}, {""id"": ""5c2fba1c-a5a0-436d-8a2b-55f9aa158fcc"", ""name"": ""Equipment Purchase"", ""amount"": 4590867}, {""id"": ""431a2549-d6ec-4798-9617-b87a5de1fea2"", ""name"": ""Staff Hiring"", ""amount"": 3743417}, {""id"": ""aa1732e4-91c3-4f48-8f0d-8b27e610a798"", ""name"": ""Technology Upgrade"", ""amount"": 687089}, {""id"": ""d1a64417-2b72-45bb-a67d-6d38a0f879f3"", ""name"": ""Office Expansion"", ""amount"": 18278984}]","6217bcf1-0cc7-431e-85cb-d779c36c6d08","yndc5dx4untuunjk3fbdg","d81dc152-c9d3-048b-1572-1f0c4594bf92","01b00332-1d14-4772-9b8d-e95ad5b86d00","t","2025-08-28 17:24:17.786+00",,"f","2181671",,"f","f",,
"[{""id"": ""ddcc5823-21ac-4e44-8b02-a1d8d5bdaeb7"", ""name"": ""Staff Hiring"", ""amount"": 14796054}, {""id"": ""40112a97-2755-47ca-9582-d16512b33410"", ""name"": ""Research and Development"", ""amount"": 1155475}, {""id"": ""ab4ce2ab-343f-4c27-849f-5ee7ad82d3d2"", ""name"": ""Office Expansion"", ""amount"": 7793334}, {""id"": ""4144fe28-b45c-4556-928a-40b5f79cc6e6"", ""name"": ""Equipment Purchase"", ""amount"": 15518012}, {""id"": ""65ba98cb-0424-43e3-b256-101655c4208d"", ""name"": ""Inventory"", ""amount"": 681452}, {""id"": ""a22072de-3586-492a-b4df-773f12ea8e7b"", ""name"": ""Working Capital"", ""amount"": 2154179}, {""id"": ""ccb11df1-eb9d-44d4-a731-551ea67ddef1"", ""name"": ""Technology Upgrade"", ""amount"": 57589700}]","3466dd4c-3c58-461b-b1df-26cd3b0970ee","tqsg008youk12fp10b3xd","d81dc152-c9d3-048b-1572-1f0c4594bf92","3401fd16-6697-4fa0-ae7c-9b05a5e6df5d","t","2025-08-18 08:27:57.414+00",,"f","17790743",,"t","t",,
"[{""id"": ""bb586832-01a6-4c05-b97f-82f014bb8cb0"", ""name"": ""Equipment Purchase"", ""amount"": 17700395}, {""id"": ""d3583717-85c5-4dcb-9ff8-1967a84fd4f8"", ""name"": ""Technology Upgrade"", ""amount"": 1525151}, {""id"": ""1acb32be-f28c-4e8d-993a-e9d050eab74d"", ""name"": ""Staff Hiring"", ""amount"": 65816601}]","f7e061c5-b860-45f9-abed-9f033c64b7cd","eca1vtd2uqxxfolabuhuz","d81dc152-c9d3-048b-1572-1f0c4594bf92","39cd1df1-a89d-4ee8-8474-8b29ecfff0c8","t","2025-08-22 03:55:29.517+00",,"f","13335630","3502223","f","t","stockPurchase","Dolorem temperantia subnecto canonicus sui amplexus cervus calamitas officia casso."
"[{""id"": ""d98c1943-35d7-4d49-88a6-678eef22f871"", ""name"": ""Inventory"", ""amount"": 786447}, {""id"": ""37280388-b691-4f77-8202-f51292bde510"", ""name"": ""Equipment Purchase"", ""amount"": 1696184}, {""id"": ""c61ea979-9796-4794-a8e5-dc400b897456"", ""name"": ""Staff Hiring"", ""amount"": 2597846}, {""id"": ""9da53903-f440-44e8-8795-6364c463e7d4"", ""name"": ""Working Capital"", ""amount"": 514515}, {""id"": ""b97f6733-0af3-43df-a175-ec5db1fce807"", ""name"": ""Research and Development"", ""amount"": 654907}, {""id"": ""3e18afa2-dcf2-4858-b850-d314b4b00407"", ""name"": ""Technology Upgrade"", ""amount"": 12463384}]","5fd58fdb-9696-45bb-ae32-c195f05261f1","4eftl12n44zbrjf0nyqrp","d81dc152-c9d3-048b-1572-1f0c4594bf92","c536bb94-eb31-45e6-b759-94ebef135d26","t","2025-09-10 04:19:21.927+00",,"f","4904414",,"t","t",,
"[{""id"": ""cd86c653-0ee2-442b-967a-e0399657031c"", ""name"": ""Working Capital"", ""amount"": 1447208}, {""id"": ""0735c2af-031e-4111-bedb-de04bae3a6d2"", ""name"": ""Equipment Purchase"", ""amount"": 21428847}, {""id"": ""5261ce6a-eea1-4044-9729-e2bcb00b99cb"", ""name"": ""Research and Development"", ""amount"": 2427543}, {""id"": ""ead45819-fbea-4c83-b381-c9a50355f8e2"", ""name"": ""Technology Upgrade"", ""amount"": 3547769}, {""id"": ""d9588cd1-990e-4515-97d0-0cf4d5cd8cd9"", ""name"": ""Marketing"", ""amount"": 65947795}]","1d98536e-0167-4605-b27e-cc583c509bb4","oi6jnazc6fxo9zjhlvwx9","d81dc152-c9d3-048b-1572-1f0c4594bf92","e4a44458-54d2-4057-a61a-1730339f0dfd","t","2025-09-07 15:08:40.414+00",,"f","28231293",,"t","f",,
"[{""id"": ""822070d8-a9e8-40b7-9b4c-a3435e2c5d59"", ""name"": ""Working Capital"", ""amount"": 500000}, {""id"": ""f6e78daf-8da4-4ac9-a098-a77d5cd267b6"", ""name"": ""Staff Hiring"", ""amount"": 1328898}, {""id"": ""5bc7d449-e165-4fa0-bce0-c57bb0ff72f5"", ""name"": ""Equipment Purchase"", ""amount"": 1521534}, {""id"": ""a74c52f4-0af8-42e1-a660-a965e66493e9"", ""name"": ""Technology Upgrade"", ""amount"": 5148259}]","acc30f6b-39a5-4718-9f40-634ba7a0966e","a6q1a9xyt4oupzxbia8tv","d81dc152-c9d3-048b-1572-1f0c4594bf92","e02f43cd-6c7f-42c4-b159-b84bb8f4106a","t","2025-09-14 12:37:25.407+00",,"f","1822587",,"t","f",,
"[{""id"": ""b5b2d9c9-09f3-4704-a718-5e1c5a0fa2fd"", ""name"": ""Equipment Purchase"", ""amount"": 1828958}, {""id"": ""0e716bac-6a55-4889-82ba-e3647a333bae"", ""name"": ""Inventory"", ""amount"": 3202862}, {""id"": ""ff7f16ad-5b60-4103-9040-4eb16d3b07f2"", ""name"": ""Staff Hiring"", ""amount"": 9253987}, {""id"": ""e810f8b0-7b09-4419-a1eb-9fac1ff254f9"", ""name"": ""Research and Development"", ""amount"": 1457507}, {""id"": ""0b588484-6b9d-48bd-85ae-310ad9601d43"", ""name"": ""Technology Upgrade"", ""amount"": 930325}, {""id"": ""58a6c6d8-ed30-4507-b2c9-23218f8f8def"", ""name"": ""Working Capital"", ""amount"": 849612}, {""id"": ""4f9ed0f0-5822-4798-8c8d-6c3e51ca5979"", ""name"": ""Office Expansion"", ""amount"": 34062415}]","303052c3-e176-47ef-b4a1-24f4ce03913a","hsm8cnaubwn5bv6evwqg6","d81dc152-c9d3-048b-1572-1f0c4594bf92","1a4916c0-4bdf-4f68-b3d2-fe3a69911a8c","t","2025-09-01 18:27:02.289+00",,"f","9288040",,"f","f",,
"[{""id"": ""2ace5f60-a063-4878-a665-d066bef7bf88"", ""name"": ""Marketing"", ""amount"": 8431531}, {""id"": ""4e14a042-5acf-4bb4-975f-fe11617c2340"", ""name"": ""Equipment Purchase"", ""amount"": 12068251}, {""id"": ""c665bf5f-07bd-4f1e-a09e-68046a242a07"", ""name"": ""Research and Development"", ""amount"": 935871}, {""id"": ""e45e5484-05f4-4ecf-aded-93a516fc0806"", ""name"": ""Inventory"", ""amount"": 52964894}]","b4fb84f1-35ea-4344-b256-0c286b96a0de","rewewrh940s65medhm08y","d81dc152-c9d3-048b-1572-1f0c4594bf92","c947f0fa-0996-47ba-bd94-ed6824697ed0","t","2025-09-06 07:48:16.066+00",,"f","4324470","9776693","t","t","notSure","Bibo ratione cognomen aggredior ducimus crebro conforto."
"[{""id"": ""4d43e599-4ffb-4126-89b4-003a8102b88f"", ""name"": ""Equipment Purchase"", ""amount"": 17869468}, {""id"": ""565eda8e-cfdd-4d14-9e01-d9274f8edd94"", ""name"": ""Staff Hiring"", ""amount"": 2615245}, {""id"": ""55564f4a-8c18-4b7b-9530-472846811c93"", ""name"": ""Working Capital"", ""amount"": 75166330}]","b2792db8-e6d2-4829-94a5-24d2602987f6","xb469aqq0ozgit8j2bvyj","d81dc152-c9d3-048b-1572-1f0c4594bf92","ddf65c9d-5e52-43bc-b4d3-dbc519b27dc1","t","2025-09-04 11:27:58.994+00",,"f","7547289",,"f","t",,
"[{""id"": ""dbc21fbf-ce48-4297-b51e-e5746749d309"", ""name"": ""Equipment Purchase"", ""amount"": 6465025}, {""id"": ""32e856c1-f4b6-4c49-ba8d-7c6ed5fde8b5"", ""name"": ""Technology Upgrade"", ""amount"": 90858318}]","9d5a3620-c537-407c-ba7a-4ba293b5da87","s7iewcqqf3bxf9ue7rehi","d81dc152-c9d3-048b-1572-1f0c4594bf92","91267fa0-72e2-4855-b307-11ff0a083a6b","t","2025-08-26 09:42:58.007+00",,"f","11378903","5182137","t","f","notSure","Crur valens varius vulariter bellicus conforto vulariter est nihil."
"[{""id"": ""581d4408-a688-42bc-b98a-8dbff2d39022"", ""name"": ""Equipment Purchase"", ""amount"": 11802614}, {""id"": ""0a2da46b-702d-4fbb-a43f-1a9ea44f5c1e"", ""name"": ""Technology Upgrade"", ""amount"": 2459909}, {""id"": ""aea3eada-3e75-4dc0-9b0d-e372436d51ef"", ""name"": ""Research and Development"", ""amount"": 1120798}, {""id"": ""300cba3d-f163-458c-8748-42f61d1af38f"", ""name"": ""Staff Hiring"", ""amount"": 8427083}, {""id"": ""3a69f174-c0a1-41d3-9e5c-7a36603f4767"", ""name"": ""Working Capital"", ""amount"": 503401}, {""id"": ""86009b58-3f15-44f6-a916-3a5733832d66"", ""name"": ""Office Expansion"", ""amount"": 1354821}, {""id"": ""8505b692-a9ea-4265-979b-876a6d1d0f11"", ""name"": ""Marketing"", ""amount"": 36679148}]","03ca4a21-eb4f-482f-89d8-4c7e962574eb","h18amkikzu2lwcsp32y8m","d81dc152-c9d3-048b-1572-1f0c4594bf92","7d1f9f40-7b8f-427c-b388-db519d210fe6","t","2025-08-30 23:20:25.047+00",,"f","13427081",,"t","t",,
"[{""id"": ""b3679fbc-fd22-47f7-9bac-90fdf11acd5f"", ""name"": ""Technology Upgrade"", ""amount"": 5977824}, {""id"": ""658df1c1-174e-499e-84b1-8fcfd30c7b24"", ""name"": ""Research and Development"", ""amount"": 3635844}, {""id"": ""fa617a10-468d-4b17-8cff-f1c68d36d78a"", ""name"": ""Staff Hiring"", ""amount"": 73136270}]","4e34610f-aba1-419f-9627-58d12b00ce3a","yxgkkja9hu2hs8mmjg0b5","d81dc152-c9d3-048b-1572-1f0c4594bf92","9e662d2a-8610-4090-850f-098218d4447a","t","2025-08-25 01:31:33.638+00",,"f","9011586","9946876","t","f","assetPurchase","Substantia dolore incidunt."
"[{""id"": ""ab443356-0962-42eb-a398-4b224a326d6a"", ""name"": ""Working Capital"", ""amount"": 1112328}, {""id"": ""291177aa-48e2-441b-9054-7941ac69dd38"", ""name"": ""Staff Hiring"", ""amount"": 17219874}, {""id"": ""8f0ca755-59b5-43a4-9214-7bc5c2f4fd3d"", ""name"": ""Inventory"", ""amount"": 597392}, {""id"": ""079ede59-d083-4016-9ecf-15dee1e916f5"", ""name"": ""Research and Development"", ""amount"": 1034087}, {""id"": ""65cfe45d-4244-4ec1-9b44-49717384fc82"", ""name"": ""Equipment Purchase"", ""amount"": 69809252}]","ba2a8fd8-8999-4468-8883-d83e78d3fe1c","nrngzlnl6a9oxm3wb5qst","d81dc152-c9d3-048b-1572-1f0c4594bf92","a121a027-ce96-4e0f-a627-42918a5a1ad5","t","2025-09-11 15:12:47.853+00",,"f","7337643",,"t","t",,
"[{""id"": ""e0d0a194-4c1e-4c0c-9587-8ec983fe2c2c"", ""name"": ""Office Expansion"", ""amount"": 2792068}, {""id"": ""dee822c4-1487-4b22-a667-9d254cee5591"", ""name"": ""Marketing"", ""amount"": 6531033}, {""id"": ""50ddec19-6cc6-4885-9761-1258a700f933"", ""name"": ""Technology Upgrade"", ""amount"": 3342284}, {""id"": ""f4a14a35-9696-4a5f-bb8f-36a8979e4962"", ""name"": ""Staff Hiring"", ""amount"": 42988800}]","4f174b08-023d-472e-a2b2-f3642ed42c40","r8csiurqjnxbvb0su0s5q","d81dc152-c9d3-048b-1572-1f0c4594bf92","4681a34f-8ca4-4618-a1e9-8ff25621d80c","t","2025-09-09 07:11:48.929+00",,"f","14414627",,"f","f",,
"[{""id"": ""9c88cd7f-57f6-49f9-abd6-aa716b32007d"", ""name"": ""Technology Upgrade"", ""amount"": 7825288}, {""id"": ""26dc1429-f3c1-4329-8b7a-c5bb5da24a8d"", ""name"": ""Office Expansion"", ""amount"": 72983969}]","63400b41-7bf9-447e-ac48-a0b3bd5e659a","87qox8pikzkba9s2y56f5","d81dc152-c9d3-048b-1572-1f0c4594bf92","09599bed-7b2f-4e19-b13e-b2cdf5104a46","t","2025-08-20 16:10:02.926+00",,"f","20950571","7160496","t","t","notSure","Coruscus virga coaegresco thema currus capio carpo sordeo arbustum."
"[{""id"": ""6ddc4c66-ae46-4942-932b-16fcdca3bbdb"", ""name"": ""Marketing"", ""amount"": 646781}, {""id"": ""cd5561a8-d6c0-48bb-8edc-7a52922440c5"", ""name"": ""Office Expansion"", ""amount"": 1276491}, {""id"": ""c16656ce-7205-4114-90b3-6861efa7a908"", ""name"": ""Technology Upgrade"", ""amount"": 1144101}, {""id"": ""a7f87caa-afd6-4286-b14e-e77a41580695"", ""name"": ""Research and Development"", ""amount"": 514285}, {""id"": ""7bc2a063-a6d4-435a-af8e-0a4012650365"", ""name"": ""Staff Hiring"", ""amount"": 1159035}, {""id"": ""626a7b53-e7ae-48ac-8de4-39af10039968"", ""name"": ""Working Capital"", ""amount"": 9554439}]","dc90b6ad-7e47-4713-8725-13be0cbc61e9","0evkp9r8b49c1ezhlgpja","d81dc152-c9d3-048b-1572-1f0c4594bf92","e556b5a0-2a66-4345-9f8c-67848cefbe0a","t","2025-08-29 12:19:56.52+00",,"f","3918220",,"f","t",,
"[{""id"": ""0b9f68d9-bfba-471b-93e9-598cacfaf624"", ""name"": ""Working Capital"", ""amount"": 2578752}, {""id"": ""8e7597ac-0d7a-400a-a5bd-5bce682c4018"", ""name"": ""Marketing"", ""amount"": 52515248}]","1b851d5d-06e6-4f7a-b822-a35c307ef3c9","zzz7zu88c1jpzqt036k2x","d81dc152-c9d3-048b-1572-1f0c4594bf92","45212150-5f0b-4dac-a247-ef27ad36f29d","t","2025-09-01 16:21:07.523+00",,"f","15182654","5297976","t","f","stockPurchase","Pectus virgo defessus."
